id,web_name,element_type,form,now_cost,points_per_game,team,status,chance_of_playing_next_round,selected_by_percent,ict_index,influence,creativity,threat,expected_goals,expected_assists,expected_goal_involvements,minutes,bps,event_points,fdr_avg,fixture_count,gw
1,Raya,1,6.0,6.0,6.0,1,a,100.0,38.1,1.2,11.8,0.0,0.0,0.0,0.0,0.0,90,24,6,4.0,1,2
2,Arrizabalaga,1,0.0,5.0,0.0,1,a,100.0,0.1,0.0,0.0,0.0,0.0,0.0,0.0,0.0,0,0,0,4.0,1,2
3,Meslier,1,0.0,5.0,0.0,1,a,100.0,0.0,0.0,0.0,0.0,0.0,0.0,0.0,0.0,0,0,0,4.0,1,2
4,Gabriel,2,5.0,8.0,5.0,1,a,100.0,29.4,0.9,6.6,1.8,1.0,0.05,0.01,0.06,90,21,5,4.0,1,2
5,J.Timber,2,0.0,6.5,0.0,1,i,0.0,0.1,0.0,0.0,0.0,0.0,0.0,0.0,0.0,0,0,0,4.0,1,2
6,Saliba,2,0.0,6.0,0.0,1,i,0.0,0.3,0.0,0.0,0.0,0.0,0.0,0.0,0.0,0,0,0,4.0,1,2
7,Lewis-Skelly,3,3.0,5.5,3.0,1,a,100.0,0.7,4.1,11.0,22.9,7.0,0.06,0.11,0.17,90,15,3,4.0,1,2
8,Calafiori,2,9.0,5.5,9.0,1,a,100.0,41.3,4.2,26.0,12.2,4.0,0.04,0.09,0.13,80,31,9,4.0,1,2
9,Hincapie,2,1.0,5.5,1.0,1,a,100.0,1.6,0.1,0.4,0.5,0.0,0.0,0.0,0.0,9,3,1,4.0,1,2
10,White,2,11.0,5.5,11.0,1,a,100.0,5.9,7.3,33.2,26.8,13.0,0.18,0.21,0.39,90,37,11,4.0,1,2
11,Mosquera,2,6.0,5.5,6.0,1,a,100.0,6.0,1.5,14.4,0.6,0.0,0.0,0.0,0.0,90,27,6,4.0,1,2
12,Saka,3,9.0,9.5,9.0,1,a,100.0,10.3,10.2,42.8,26.1,33.0,0.64,0.08,0.72,67,36,9,4.0,1,2
13,Rice,3,3.0,7.5,3.0,1,a,100.0,17.4,1.5,6.8,6.4,2.0,0.07,0.08,0.15,67,10,3,4.0,1,2
14,Eze,3,1.0,6.5,1.0,1,a,100.0,1.9,0.1,0.0,1.8,1.0,0.04,0.0,0.04,14,4,1,4.0,1,2
15,Ødegaard,3,11.0,6.5,11.0,1,a,100.0,10.8,12.3,50.6,41.5,31.0,0.21,0.1,0.31,75,41,11,4.0,1,2
16,Madueke,3,1.0,6.5,1.0,1,a,100.0,0.3,5.3,9.4,43.1,0.0,0.0,0.04,0.04,22,8,1,4.0,1,2
17,Merino,3,1.0,6.0,1.0,1,a,100.0,0.6,1.9,3.6,1.2,14.0,0.14,0.02,0.16,14,5,1,4.0,1,2
18,Martinelli,3,0.0,6.4,0.0,1,a,100.0,0.2,0.0,0.0,0.0,0.0,0.0,0.0,0.0,0,0,0,4.0,1,2
19,Zubimendi,3,1.0,5.5,1.0,1,a,100.0,1.0,0.6,3.8,2.3,0.0,0.0,0.02,0.02,22,3,1,4.0,1,2
20,Dowman,3,0.0,5.5,0.0,1,a,100.0,0.1,0.0,0.0,0.0,0.0,0.0,0.0,0.0,0,0,0,4.0,1,2
22,Nwaneri,3,0.0,5.5,0.0,1,a,100.0,0.0,0.0,0.0,0.0,0.0,0.0,0.0,0.0,0,0,0,4.0,1,2
23,Fábio Vieira,3,0.0,5.5,0.0,1,a,100.0,0.0,0.0,0.0,0.0,0.0,0.0,0.0,0.0,0,0,0,4.0,1,2
24,Nelson,3,0.0,5.5,0.0,1,a,100.0,0.0,0.0,0.0,0.0,0.0,0.0,0.0,0.0,0,0,0,4.0,1,2
25,Gyökeres,4,0.0,7.4,0.0,1,a,100.0,7.5,0.0,0.0,0.0,0.0,0.0,0.0,0.0,0,0,0,4.0,1,2
26,Havertz,4,6.0,7.5,6.0,1,a,100.0,7.0,7.5,37.2,13.2,25.0,0.26,0.03,0.29,90,34,6,4.0,1,2
27,G.Jesus,4,0.0,6.0,0.0,1,a,100.0,0.3,0.0,0.0,0.0,0.0,0.0,0.0,0.0,0,0,0,4.0,1,2
31,Konsa,2,0.0,4.5,0.0,1,a,100.0,11.4,0.0,0.0,0.0,0.0,0.0,0.0,0.0,0,0,0,4.0,1,2
452,Bruno G.,3,0.0,7.0,0.0,1,d,75.0,3.2,0.0,0.0,0.0,0.0,0.0,0.0,0.0,0,0,0,4.0,1,2
557,Tzolis,3,6.0,6.5,6.0,1,a,100.0,25.8,8.7,17.0,39.8,30.0,0.19,0.14,0.33,75,30,6,4.0,1,2
28,Martinez,1,0.0,5.0,0.0,2,a,100.0,4.2,0.0,0.0,0.0,0.0,0.0,0.0,0.0,0,0,0,4.0,1,2
29,M.Bizot,1,1.0,4.5,1.0,2,a,100.0,0.1,2.8,28.2,0.0,0.0,0.0,0.0,0.0,90,1,1,4.0,1,2
30,Digne,2,0.0,4.5,0.0,2,u,0.0,0.1,0.0,0.0,0.0,0.0,0.0,0.0,0.0,0,0,0,4.0,1,2
32,Cash,2,-1.0,4.5,-1.0,2,a,100.0,8.1,1.3,12.0,1.1,0.0,0.0,0.0,0.0,90,-8,-1,4.0,1,2
33,Mings,2,1.0,4.5,1.0,2,a,100.0,0.4,0.2,2.0,0.0,0.0,0.0,0.0,0.0,16,5,1,4.0,1,2
34,Pau,2,0.0,4.5,0.0,2,a,100.0,0.4,0.0,0.0,0.7,0.0,0.0,0.0,0.0,73,-14,0,4.0,1,2
35,Bogarde,3,1.0,5.0,1.0,2,a,100.0,0.1,0.3,2.2,0.5,0.0,0.0,0.0,0.0,16,3,1,4.0,1,2
36,Maatsen,2,0.0,4.5,0.0,2,a,100.0,0.8,1.3,9.2,0.8,3.0,0.03,0.0,0.03,81,-9,0,4.0,1,2
37,Lindelöf,2,-2.0,4.5,-2.0,2,a,100.0,0.3,0.2,1.8,0.1,0.0,0.0,0.0,0.0,90,-13,-2,4.0,1,2
38,A.García,2,0.0,4.0,0.0,2,a,100.0,1.7,0.0,0.0,0.0,0.0,0.0,0.0,0.0,0,0,0,4.0,1,2
39,Nedeljkovic,2,0.0,4.0,0.0,2,u,0.0,0.2,0.0,0.0,0.0,0.0,0.0,0.0,0.0,0,0,0,4.0,1,2
41,Buendía,3,2.0,6.0,2.0,2,a,100.0,1.3,2.2,0.0,16.3,8.0,0.13,0.09,0.22,85,4,2,4.0,1,2
44,Bailey,3,0.0,5.5,0.0,2,a,100.0,0.2,0.0,0.0,0.0,0.0,0.0,0.0,0.0,0,0,0,4.0,1,2
45,McGinn,3,1.0,5.5,1.0,2,a,100.0,3.0,0.5,1.6,2.4,1.0,0.04,0.01,0.05,81,8,1,4.0,1,2
46,Barkley,3,2.0,5.0,2.0,2,a,100.0,0.2,3.8,9.4,21.4,7.0,0.1,0.02,0.12,73,11,2,4.0,1,2
47,Kamara,3,2.0,5.0,2.0,2,a,100.0,0.4,1.4,11.2,2.8,0.0,0.0,0.0,0.0,90,9,2,4.0,1,2
48,Onana,3,0.0,5.0,0.0,2,i,0.0,0.0,0.0,0.0,0.0,0.0,0.0,0.0,0.0,0,0,0,4.0,1,2
49,Iling Jr,3,0.0,5.0,0.0,2,u,0.0,0.0,0.0,0.0,0.0,0.0,0.0,0.0,0.0,0,0,0,4.0,1,2
50,Burrowes,3,0.0,4.5,0.0,2,a,100.0,0.7,0.0,0.0,0.0,0.0,0.0,0.0,0.0,0,0,0,4.0,1,2
51,George Hemmings,3,2.0,4.5,2.0,2,a,100.0,0.7,2.4,10.6,11.6,2.0,0.0,0.0,0.0,90,12,2,4.0,1,2
52,Alysson,3,1.0,5.0,1.0,2,a,100.0,0.0,0.4,4.0,0.0,0.0,0.0,0.0,0.0,8,5,1,4.0,1,2
53,Manzambi,3,0.0,6.0,0.0,2,i,0.0,0.2,0.0,0.0,0.0,0.0,0.0,0.0,0.0,0,0,0,4.0,1,2
54,Gomes,3,-2.0,5.5,-2.0,2,s,0.0,0.1,1.2,1.0,11.0,0.0,0.0,0.01,0.01,39,-2,-2,4.0,1,2
55,Watkins,4,0.0,8.0,0.0,2,a,100.0,9.0,0.0,0.0,0.0,0.0,0.0,0.0,0.0,0,0,0,4.0,1,2
56,Abraham,4,0.0,5.5,0.0,2,d,75.0,0.1,0.0,0.0,0.0,0.0,0.0,0.0,0.0,0,0,0,4.0,1,2
160,Garnacho,3,1.0,6.0,1.0,2,a,100.0,0.6,0.0,0.0,0.0,0.0,0.0,0.0,0.0,4,2,1,4.0,1,2
582,Madjo,4,0.0,5.5,0.0,2,i,0.0,0.4,0.0,0.0,0.0,0.0,0.0,0.0,0.0,0,0,0,4.0,1,2
596,Ruggeri,2,1.0,4.5,1.0,2,a,100.0,0.1,0.4,4.0,0.0,0.0,0.0,0.0,0.0,8,3,1,4.0,1,2
597,Suzuki,1,0.0,5.0,0.0,2,a,100.0,0.8,0.0,0.0,0.0,0.0,0.0,0.0,0.0,0,0,0,4.0,1,2
606,Rowe,2,0.0,4.0,0.0,2,a,100.0,0.0,0.0,0.0,0.0,0.0,0.0,0.0,0.0,0,0,0,4.0,1,2
607,Lynch,3,0.0,4.5,0.0,2,a,100.0,0.1,0.0,0.0,0.0,0.0,0.0,0.0,0.0,0,0,0,4.0,1,2
611,Wan-Bissaka,2,0.0,4.5,0.0,2,a,100.0,0.0,0.0,0.0,0.0,0.0,0.0,0.0,0.0,0,0,0,4.0,1,2
57,Petrović,1,2.0,4.5,2.0,3,a,100.0,3.3,3.7,36.8,0.0,0.0,0.0,0.0,0.0,90,13,2,3.0,1,2
58,Forster,1,0.0,4.0,0.0,3,a,100.0,3.2,0.0,0.0,0.0,0.0,0.0,0.0,0.0,0,0,0,3.0,1,2
59,Dennis,1,0.0,4.0,0.0,3,a,100.0,0.2,0.0,0.0,0.0,0.0,0.0,0.0,0.0,0,0,0,3.0,1,2
60,Hill,2,1.0,5.5,1.0,3,a,100.0,0.9,1.2,11.6,0.3,0.0,0.0,0.0,0.0,90,0,1,3.0,1,2
61,Truffert,2,1.0,5.5,1.0,3,a,100.0,4.3,1.7,15.4,1.3,0.0,0.0,0.0,0.0,90,0,1,3.0,1,2
62,Diakité,2,0.0,5.0,0.0,3,a,100.0,0.2,0.0,0.0,0.0,0.0,0.0,0.0,0.0,0,0,0,3.0,1,2
63,Milosavljević,2,0.0,5.0,0.0,3,i,0.0,0.0,0.0,0.0,0.0,0.0,0.0,0.0,0.0,0,0,0,3.0,1,2
64,Smith,2,1.0,4.5,1.0,3,a,100.0,0.1,0.8,7.0,0.6,0.0,0.0,0.0,0.0,90,4,1,3.0,1,2
65,J.Araujo,2,0.0,4.5,0.0,3,i,0.0,0.0,0.0,0.0,0.0,0.0,0.0,0.0,0.0,0,0,0,3.0,1,2
66,Soler,2,0.0,4.0,0.0,3,d,75.0,0.2,0.0,0.0,0.0,0.0,0.0,0.0,0.0,0,0,0,3.0,1,2
67,Rayan,3,2.0,6.5,2.0,3,a,100.0,2.8,3.5,6.2,11.3,17.0,0.04,0.03,0.07,88,9,2,3.0,1,2
68,Tavernier,3,10.0,6.0,10.0,3,a,100.0,2.1,7.5,40.0,17.2,18.0,0.4,0.08,0.48,90,32,10,3.0,1,2
69,Scott,3,2.0,6.0,2.0,3,a,100.0,1.5,1.6,11.4,4.8,0.0,0.0,0.01,0.01,90,17,2,3.0,1,2
70,Kluivert,3,3.0,6.0,3.0,3,a,100.0,1.2,4.2,11.0,14.3,17.0,0.11,0.0,0.11,74,15,3,3.0,1,2
71,Cook,3,3.0,5.0,3.0,3,a,100.0,0.2,0.7,4.6,2.1,0.0,0.0,0.0,0.0,75,8,3,3.0,1,2
72,Gannon-Doak,3,1.0,5.0,1.0,3,a,100.0,0.1,0.2,0.2,0.1,2.0,0.0,0.0,0.0,1,3,1,3.0,1,2
73,Adams,3,1.0,5.0,1.0,3,a,100.0,0.2,0.4,3.6,0.6,0.0,0.0,0.0,0.0,15,4,1,3.0,1,2
74,Brooks,3,0.0,5.0,0.0,3,a,100.0,0.1,0.0,0.0,0.0,0.0,0.0,0.0,0.0,0,0,0,3.0,1,2
75,Christie,3,0.0,5.0,0.0,3,a,100.0,0.0,0.0,0.0,0.0,0.0,0.0,0.0,0.0,0,0,0,3.0,1,2
76,Tóth.A,3,1.0,5.0,1.0,3,a,100.0,0.0,0.3,2.8,0.6,0.0,0.0,0.0,0.0,15,5,1,3.0,1,2
77,Adli,3,0.0,5.0,0.0,3,i,0.0,0.0,0.0,0.0,0.0,0.0,0.0,0.0,0.0,0,0,0,3.0,1,2
78,Kroupi.Jr,3,0.0,7.5,0.0,3,i,0.0,0.4,0.0,0.0,0.0,0.0,0.0,0.0,0.0,0,0,0,3.0,1,2
79,Evanilson,4,4.0,6.0,4.0,3,a,100.0,2.7,3.3,19.4,11.9,2.0,0.0,0.21,0.21,74,17,4,3.0,1,2
80,Enes Ünal,4,0.0,5.5,0.0,3,u,0.0,0.0,0.0,0.0,0.0,0.0,0.0,0.0,0.0,0,0,0,3.0,1,2
81,Rodríguez,4,0.0,6.0,0.0,3,a,100.0,0.1,0.0,0.0,0.0,0.0,0.0,0.0,0.0,0,0,0,3.0,1,2
566,Silva,2,2.0,5.0,2.0,3,a,100.0,0.3,3.2,31.4,0.3,0.0,0.0,0.0,0.0,90,5,2,3.0,1,2
573,Sanchez,2,0.0,4.5,0.0,3,a,100.0,0.2,0.0,0.0,0.0,0.0,0.0,0.0,0.0,0,0,0,3.0,1,2
608,Jebbison,4,1.0,5.0,1.0,3,a,100.0,0.0,2.1,3.4,0.8,17.0,0.1,0.0,0.1,15,6,1,3.0,1,2
82,Kelleher,1,7.0,5.0,7.0,4,a,100.0,6.3,3.1,31.4,0.0,0.0,0.0,0.01,0.01,90,34,7,3.0,1,2
83,Valdimarsson,1,0.0,4.5,0.0,4,a,100.0,0.1,0.0,0.0,0.0,0.0,0.0,0.0,0.0,0,0,0,3.0,1,2
84,Collins,2,6.0,5.5,6.0,4,a,100.0,2.0,5.0,11.6,21.5,17.0,0.34,0.04,0.38,90,21,6,3.0,1,2
85,Van den Berg,2,0.0,5.0,0.0,4,i,0.0,0.1,0.0,0.0,0.0,0.0,0.0,0.0,0.0,0,0,0,3.0,1,2
86,Lewis-Potter,3,10.0,5.5,10.0,4,a,100.0,0.8,8.2,47.2,15.9,19.0,0.77,0.12,0.89,90,37,10,3.0,1,2
87,Ajer,2,8.0,4.5,8.0,4,a,100.0,3.8,5.6,20.0,0.9,35.0,0.11,0.02,0.13,90,29,8,3.0,1,2
88,Kayode,2,13.0,4.5,13.0,4,a,100.0,6.2,8.1,33.8,1.5,46.0,0.5,0.0,0.5,75,36,13,3.0,1,2
89,Henry,2,0.0,4.5,0.0,4,a,100.0,0.3,0.0,0.0,0.0,0.0,0.0,0.0,0.0,0,0,0,3.0,1,2
90,Hickey,2,1.0,4.5,1.0,4,a,100.0,0.1,0.0,0.0,0.3,0.0,0.0,0.0,0.0,14,2,1,3.0,1,2
91,Pinnock,2,0.0,4.5,0.0,4,a,100.0,0.1,0.0,0.0,0.0,0.0,0.0,0.0,0.0,0,0,0,3.0,1,2
92,Ji-soo,2,0.0,4.5,0.0,4,a,100.0,0.0,0.0,0.0,0.0,0.0,0.0,0.0,0.0,0,0,0,3.0,1,2
93,Schuster,2,0.0,4.5,0.0,4,a,100.0,0.2,0.0,0.0,0.0,0.0,0.0,0.0,0.0,0,0,0,3.0,1,2
94,Schade,3,3.0,6.0,3.0,4,a,100.0,3.5,8.5,14.4,11.8,59.0,0.52,0.01,0.53,90,17,3,3.0,1,2
95,O.Dango,3,3.0,6.5,3.0,4,a,100.0,1.2,4.7,1.0,30.8,15.0,0.05,0.29,0.34,66,6,3,3.0,1,2
96,Damsgaard,3,1.0,5.5,1.0,4,a,100.0,0.6,3.4,7.6,26.3,0.0,0.0,0.11,0.11,14,6,1,3.0,1,2
97,Jensen,3,6.0,5.5,6.0,4,a,100.0,0.2,7.2,12.6,46.2,13.0,0.08,0.34,0.42,66,22,6,3.0,1,2
98,Janelt,3,9.0,5.0,9.0,4,a,100.0,0.3,11.6,53.2,38.8,24.0,0.39,0.17,0.56,90,35,9,3.0,1,2
99,Milambo,3,0.0,5.0,0.0,4,i,0.0,0.0,0.0,0.0,0.0,0.0,0.0,0.0,0.0,0,0,0,3.0,1,2
100,Carvalho,3,0.0,5.0,0.0,4,a,100.0,0.0,0.0,0.0,0.0,0.0,0.0,0.0,0.0,0,0,0,3.0,1,2
102,Yarmoliuk,3,1.0,5.0,1.0,4,a,100.0,1.2,0.6,2.2,0.8,3.0,0.04,0.0,0.04,23,7,1,3.0,1,2
103,Dasilva,3,0.0,5.0,0.0,4,a,100.0,0.0,0.0,0.0,0.0,0.0,0.0,0.0,0.0,0,0,0,3.0,1,2
105,Anthony,3,1.0,6.0,1.0,4,a,100.0,0.2,4.7,10.6,34.9,1.0,0.03,0.35,0.38,23,9,1,3.0,1,2
106,Thiago,4,0.0,8.0,0.0,4,a,100.0,17.0,1.4,2.2,4.0,8.0,1.0,0.08,1.08,82,-3,0,3.0,1,2
107,Furo,4,0.0,4.5,0.0,4,a,100.0,0.9,0.0,0.0,0.0,0.0,0.0,0.0,0.0,0,0,0,3.0,1,2
108,Wilson,4,1.0,5.5,1.0,4,a,100.0,0.4,1.8,2.2,10.3,5.0,0.03,0.04,0.07,7,4,1,3.0,1,2
565,M.Sangaré,3,14.0,5.6,14.0,4,a,100.0,6.8,7.4,31.6,21.8,21.0,0.05,0.33,0.38,75,41,14,3.0,1,2
109,Verbruggen,1,6.0,4.5,6.0,5,a,100.0,21.6,0.7,6.6,0.0,0.0,0.0,0.0,0.0,90,25,6,4.0,1,2
111,Steele,1,0.0,4.0,0.0,5,a,100.0,4.1,0.0,0.0,0.0,0.0,0.0,0.0,0.0,0,0,0,4.0,1,2
113,F.Kadıoğlu,2,0.0,4.5,0.0,5,d,75.0,2.4,0.0,0.0,0.0,0.0,0.0,0.0,0.0,0,0,0,4.0,1,2
114,Boscagli,2,6.0,4.5,6.0,5,a,100.0,0.3,2.9,15.2,7.3,6.0,0.0,0.04,0.04,90,29,6,4.0,1,2
115,De Cuyper,2,17.0,4.6,17.0,5,a,100.0,6.1,12.9,40.6,45.3,43.0,1.47,0.21,1.68,77,46,17,4.0,1,2
116,Dunk,2,6.0,4.5,6.0,5,a,100.0,1.1,2.0,13.4,6.4,0.0,0.0,0.04,0.04,90,24,6,4.0,1,2
117,Coppola,2,0.0,4.5,0.0,5,a,100.0,0.0,0.0,0.0,0.0,0.0,0.0,0.0,0.0,0,0,0,4.0,1,2
118,Igor,2,0.0,4.5,0.0,5,a,100.0,0.1,0.0,0.0,0.0,0.0,0.0,0.0,0.0,0,0,0,4.0,1,2
119,Costinha,2,1.0,4.5,1.0,5,a,100.0,0.0,2.8,8.2,1.9,18.0,0.12,0.0,0.12,26,7,1,4.0,1,2
120,Svoboda,2,0.0,5.0,0.0,5,a,100.0,0.1,0.0,0.0,0.0,0.0,0.0,0.0,0.0,0,0,0,4.0,1,2
121,Mitoma,3,0.0,6.0,0.0,5,i,0.0,0.0,0.0,0.0,0.0,0.0,0.0,0.0,0.0,0,0,0,4.0,1,2
122,Minteh,3,0.0,6.0,0.0,5,i,0.0,0.1,0.0,0.0,0.0,0.0,0.0,0.0,0.0,0,0,0,4.0,1,2
123,Hinshelwood,3,16.0,6.0,16.0,5,a,100.0,2.0,14.5,72.8,13.4,59.0,1.41,0.02,1.43,63,54,16,4.0,1,2
124,Groß,3,2.0,5.5,2.0,5,a,100.0,13.4,8.6,21.0,56.9,8.0,0.0,0.27,0.27,90,18,2,4.0,1,2
125,Georginio,4,5.0,5.5,5.0,5,a,100.0,1.1,4.6,19.8,11.4,15.0,0.08,0.44,0.52,90,22,5,4.0,1,2
126,O'Riley,3,0.0,5.5,0.0,5,a,100.0,0.1,0.0,0.0,0.0,0.0,0.0,0.0,0.0,0,0,0,4.0,1,2
127,Gomez,3,6.0,5.0,6.0,5,a,100.0,3.8,9.9,33.0,25.1,41.0,0.18,0.48,0.66,85,27,6,4.0,1,2
128,Buonanotte,3,0.0,5.0,0.0,5,u,0.0,0.0,0.0,0.0,0.0,0.0,0.0,0.0,0.0,0,0,0,4.0,1,2
129,Ayari,3,2.0,5.5,2.0,5,a,100.0,0.7,1.7,0.0,15.0,6.0,0.11,0.03,0.14,63,8,2,4.0,1,2
130,Wieffer,2,7.0,5.0,7.0,5,a,100.0,0.4,4.9,16.6,26.3,6.0,0.09,0.05,0.14,77,32,7,4.0,1,2
131,Baleba,3,0.0,5.0,0.0,5,i,0.0,0.2,0.0,0.0,0.0,0.0,0.0,0.0,0.0,0,0,0,4.0,1,2
132,Howell,3,0.0,4.5,0.0,5,u,0.0,0.1,0.0,0.0,0.0,0.0,0.0,0.0,0.0,0,0,0,4.0,1,2
133,Watson,3,0.0,5.0,0.0,5,u,0.0,0.0,0.0,0.0,0.0,0.0,0.0,0.0,0.0,0,0,0,4.0,1,2
134,Oriola,3,0.0,4.5,0.0,5,a,100.0,0.3,0.0,0.0,0.0,0.0,0.0,0.0,0.0,0,0,0,4.0,1,2
135,Yohanna,3,1.0,5.0,1.0,5,a,100.0,0.1,0.2,0.2,1.3,0.0,0.0,0.03,0.03,12,3,1,4.0,1,2
137,Tzimas,4,0.0,5.5,0.0,5,i,0.0,0.0,0.0,0.0,0.0,0.0,0.0,0.0,0.0,0,0,0,4.0,1,2
138,Kostoulas,4,1.0,5.5,1.0,5,a,100.0,0.2,0.9,0.0,0.4,10.0,0.18,0.0,0.18,26,-1,1,4.0,1,2
139,Ferguson,4,0.0,5.0,0.0,5,i,0.0,0.0,0.0,0.0,0.0,0.0,0.0,0.0,0.0,0,0,0,4.0,1,2
328,Struijk,2,0.0,5.0,0.0,5,a,100.0,0.2,0.0,0.0,0.0,0.0,0.0,0.0,0.0,0,0,0,4.0,1,2
504,Vuskovic,2,6.0,5.0,6.0,5,a,100.0,2.5,2.9,12.4,4.5,12.0,0.13,0.03,0.16,90,19,6,4.0,1,2
594,David,4,0.0,6.0,0.0,5,a,100.0,0.3,0.0,0.0,0.0,0.0,0.0,0.0,0.0,0,0,0,4.0,1,2
600,Osman,3,1.0,5.0,1.0,5,a,100.0,0.0,2.4,4.2,15.4,4.0,0.0,0.05,0.05,12,7,1,4.0,1,2
605,Yalcouyé,3,1.0,4.5,1.0,5,a,100.0,0.1,0.3,0.6,2.7,0.0,0.0,0.01,0.01,4,3,1,4.0,1,2
40,Rogers,3,8.0,7.5,8.0,6,a,100.0,25.6,13.1,48.8,53.5,29.0,0.96,0.1,1.06,81,37,8,2.0,1,2
101,Henderson,3,0.0,5.0,0.0,6,d,75.0,0.0,0.0,0.0,0.0,0.0,0.0,0.0,0.0,0,0,0,2.0,1,2
136,Welbeck,4,0.0,6.0,0.0,6,a,100.0,1.0,0.0,0.0,0.0,0.0,0.0,0.0,0.0,0,0,0,2.0,1,2
140,Sánchez,1,2.0,5.0,2.0,6,a,100.0,2.4,2.1,21.4,0.0,0.0,0.0,0.01,0.01,90,6,2,2.0,1,2
141,Jörgensen,1,0.0,5.0,0.0,6,u,0.0,0.0,0.0,0.0,0.0,0.0,0.0,0.0,0.0,0,0,0,2.0,1,2
142,James,2,0.0,5.5,0.0,6,a,100.0,10.1,5.9,23.4,16.8,19.0,0.1,0.07,0.17,90,5,0,2.0,1,2
143,Chalobah,2,0.0,5.5,0.0,6,u,0.0,0.2,0.0,0.0,0.0,0.0,0.0,0.0,0.0,0,0,0,2.0,1,2
144,Gusto,2,1.0,5.0,1.0,6,a,100.0,1.2,2.3,7.2,9.8,6.0,0.0,0.03,0.03,75,2,1,2.0,1,2
145,Fofana,2,0.0,5.0,0.0,6,a,100.0,0.0,0.0,0.0,0.0,0.0,0.0,0.0,0.0,0,0,0,2.0,1,2
146,B.Badiashile,2,0.0,4.5,0.0,6,u,0.0,0.0,0.0,0.0,0.0,0.0,0.0,0.0,0.0,0,0,0,2.0,1,2
147,Tosin,2,0.0,4.5,0.0,6,a,100.0,0.2,0.0,0.0,0.0,0.0,0.0,0.0,0.0,0,0,0,2.0,1,2
148,Hato,2,1.0,4.5,1.0,6,a,100.0,0.5,3.2,8.4,12.3,11.0,0.01,0.03,0.04,64,5,1,2.0,1,2
149,Colwill,2,0.0,5.0,0.0,6,a,100.0,1.6,1.5,6.0,1.6,7.0,0.01,0.03,0.04,90,6,0,2.0,1,2
150,M.Sarr,2,0.0,4.5,0.0,6,a,100.0,0.1,0.0,0.0,0.0,0.0,0.0,0.0,0.0,0,0,0,2.0,1,2
151,Acheampong,2,3.0,4.5,3.0,6,a,100.0,0.3,3.7,33.2,2.2,2.0,0.0,0.01,0.01,90,13,3,2.0,1,2
152,Palestra,2,0.0,5.5,0.0,6,d,75.0,2.6,0.0,0.0,0.0,0.0,0.0,0.0,0.0,0,0,0,2.0,1,2
153,Disasi,2,0.0,4.5,0.0,6,a,100.0,0.1,0.0,0.0,0.0,0.0,0.0,0.0,0.0,0,0,0,2.0,1,2
154,Palmer,3,13.0,9.5,13.0,6,a,100.0,13.4,16.1,65.2,41.3,54.0,0.28,0.19,0.47,82,60,13,2.0,1,2
155,Enzo,3,1.0,7.0,1.0,6,a,100.0,4.8,1.5,3.4,12.0,0.0,0.0,0.02,0.02,25,6,1,2.0,1,2
156,Neto,3,1.0,6.5,1.0,6,a,100.0,1.3,1.3,5.2,4.1,4.0,0.03,0.07,0.1,14,9,1,2.0,1,2
157,Estêvão,3,1.0,6.5,1.0,6,a,100.0,1.2,0.1,0.2,0.4,0.0,0.0,0.0,0.0,7,3,1,2.0,1,2
158,Gittens,3,0.0,6.0,0.0,6,a,100.0,0.0,0.0,0.0,0.0,0.0,0.0,0.0,0.0,0,0,0,2.0,1,2
159,Caicedo,3,0.0,5.5,0.0,6,d,75.0,3.4,0.0,0.0,0.0,0.0,0.0,0.0,0.0,0,0,0,2.0,1,2
161,Lavia,3,1.0,5.0,1.0,6,a,100.0,0.1,6.9,13.6,21.9,33.0,0.21,0.03,0.24,64,8,1,2.0,1,2
163,D.Essugo,3,0.0,4.5,0.0,6,a,100.0,0.2,0.0,0.0,0.0,0.0,0.0,0.0,0.0,0,0,0,2.0,1,2
164,Quenda,3,1.0,5.5,1.0,6,a,100.0,0.0,0.4,1.2,0.3,2.0,0.0,0.0,0.0,8,2,1,2.0,1,2
165,João Pedro,4,11.0,7.5,11.0,6,a,100.0,66.3,11.1,51.2,23.0,37.0,0.63,0.06,0.69,90,45,11,2.0,1,2
166,N.Jackson,4,0.0,6.5,0.0,6,a,100.0,0.3,0.0,0.0,0.0,0.0,0.0,0.0,0.0,0,0,0,2.0,1,2
167,Delap,4,0.0,5.5,0.0,6,a,100.0,0.4,0.0,0.0,0.0,0.0,0.0,0.0,0.0,0,0,0,2.0,1,2
168,Marc Guiu,4,0.0,5.0,0.0,6,a,100.0,0.5,0.0,0.0,0.0,0.0,0.0,0.0,0.0,0,0,0,2.0,1,2
169,Mheuka,4,0.0,4.5,0.0,6,a,100.0,0.4,0.0,0.0,0.0,0.0,0.0,0.0,0.0,0,0,0,2.0,1,2
170,Emegha,4,0.0,5.0,0.0,6,a,100.0,0.2,0.0,0.0,0.0,0.0,0.0,0.0,0.0,0,0,0,2.0,1,2
200,Lacroix,2,6.0,6.0,6.0,6,a,100.0,9.4,5.7,44.2,11.2,2.0,0.0,0.2,0.2,90,25,6,2.0,1,2
560,Penders,1,0.0,4.5,0.0,6,a,100.0,0.1,0.0,0.0,0.0,0.0,0.0,0.0,0.0,0,0,0,2.0,1,2
561,Anselmino,2,0.0,4.5,0.0,6,d,25.0,0.0,0.0,0.0,0.0,0.0,0.0,0.0,0.0,0,0,0,2.0,1,2
568,Barco,3,0.0,5.5,0.0,6,a,100.0,0.1,0.0,0.0,0.0,0.0,0.0,0.0,0.0,0,0,0,2.0,1,2
578,Mudryk,3,0.0,5.5,0.0,6,a,100.0,0.0,0.0,0.0,0.0,0.0,0.0,0.0,0.0,0,0,0,2.0,1,2
583,Chavarria,2,1.0,5.0,1.0,6,a,100.0,0.2,0.5,2.4,0.2,2.0,0.0,0.0,0.0,25,3,1,2.0,1,2
104,Onyeka,3,2.0,5.0,2.0,7,a,100.0,0.2,0.5,3.6,1.6,0.0,0.0,0.01,0.01,90,8,2,2.0,1,2
110,Rushworth,1,1.0,4.5,1.0,7,a,100.0,1.2,1.4,14.2,0.0,0.0,0.0,0.01,0.01,90,0,1,2.0,1,2
171,Dovin,1,0.0,4.0,0.0,7,a,100.0,1.6,0.0,0.0,0.0,0.0,0.0,0.0,0.0,0,0,0,2.0,1,2
172,Wilson,1,0.0,4.5,0.0,7,a,100.0,0.5,0.0,0.0,0.0,0.0,0.0,0.0,0.0,0,0,0,2.0,1,2
173,Thomas,2,3.0,4.0,3.0,7,a,100.0,8.0,3.5,23.2,11.2,1.0,0.02,0.01,0.03,90,11,3,2.0,1,2
174,Kitching,2,0.0,4.0,0.0,7,a,100.0,0.7,0.0,0.0,0.0,0.0,0.0,0.0,0.0,0,0,0,2.0,1,2
175,van Ewijk,2,1.0,4.0,1.0,7,a,100.0,13.3,1.5,10.6,2.0,2.0,0.0,0.01,0.01,90,-8,1,2.0,1,2
176,Dasilva,2,1.0,4.0,1.0,7,a,100.0,0.9,1.8,13.8,3.8,0.0,0.0,0.02,0.02,90,-4,1,2.0,1,2
177,Kesler-Hayden,2,0.0,4.0,0.0,7,a,100.0,0.1,0.0,0.0,0.0,0.0,0.0,0.0,0.0,0,0,0,2.0,1,2
178,Bidwell,2,0.0,4.0,0.0,7,a,100.0,0.1,0.0,0.0,0.0,0.0,0.0,0.0,0.0,0,0,0,2.0,1,2
179,Latibeaudiere,2,0.0,4.0,0.0,7,a,100.0,0.0,0.0,0.0,0.0,0.0,0.0,0.0,0.0,0,0,0,2.0,1,2
180,Woolfenden,2,0.0,4.0,0.0,7,a,100.0,0.2,0.0,0.0,0.0,0.0,0.0,0.0,0.0,0,0,0,2.0,1,2
181,Brau,2,0.0,4.0,0.0,7,a,100.0,0.0,0.0,0.0,0.0,0.0,0.0,0.0,0.0,0,0,0,2.0,1,2
182,Amenda,2,1.0,4.0,1.0,7,a,100.0,0.9,3.0,28.8,0.8,0.0,0.0,0.01,0.01,90,1,1,2.0,1,2
183,Rudoni,3,1.0,5.0,1.0,7,a,100.0,0.1,2.6,5.6,3.8,17.0,0.15,0.0,0.15,20,3,1,2.0,1,2
184,Grimes,3,2.0,5.0,2.0,7,a,100.0,0.2,1.7,13.4,3.7,0.0,0.0,0.01,0.01,90,14,2,2.0,1,2
185,Sakamoto,3,0.0,5.0,0.0,7,a,100.0,0.1,0.0,0.0,0.0,0.0,0.0,0.0,0.0,0,0,0,2.0,1,2
186,Mason-Clark,3,0.0,5.5,0.0,7,a,100.0,0.1,0.0,0.0,0.0,0.0,0.0,0.0,0.0,0,0,0,2.0,1,2
187,Eccles,3,0.0,5.0,0.0,7,a,100.0,0.0,0.0,0.0,0.0,0.0,0.0,0.0,0.0,0,0,0,2.0,1,2
188,Torp,3,1.0,5.5,1.0,7,a,100.0,0.2,2.3,6.8,16.4,0.0,0.0,0.11,0.11,28,8,1,2.0,1,2
189,Shepherd,3,0.0,4.5,0.0,7,a,100.0,0.3,0.0,0.0,0.0,0.0,0.0,0.0,0.0,0,0,0,2.0,1,2
190,Tchaouna,3,2.0,5.5,2.0,7,a,100.0,0.2,1.1,1.8,6.0,3.0,0.04,0.02,0.06,81,11,2,2.0,1,2
191,Borges Rodrigues,3,0.0,4.5,0.0,7,a,100.0,0.2,0.0,0.0,0.0,0.0,0.0,0.0,0.0,0,0,0,2.0,1,2
192,Andrews,3,0.0,4.5,0.0,7,a,100.0,0.7,0.0,0.0,0.0,0.0,0.0,0.0,0.0,0,0,0,2.0,1,2
193,Wright,4,0.0,5.5,0.0,7,i,0.0,0.2,0.0,0.0,0.0,0.0,0.0,0.0,0.0,0,0,0,2.0,1,2
194,Thomas-Asante,4,2.0,5.0,2.0,7,a,100.0,0.8,0.6,4.6,1.1,0.0,0.0,0.02,0.02,69,9,2,2.0,1,2
195,Simms,4,2.0,5.0,2.0,7,a,100.0,1.0,1.7,2.6,12.3,2.0,0.0,0.01,0.01,69,7,2,2.0,1,2
196,Markelo,4,0.0,5.0,0.0,7,u,0.0,0.0,0.0,0.0,0.0,0.0,0.0,0.0,0.0,0,0,0,2.0,1,2
197,Bassette,4,0.0,4.5,0.0,7,u,0.0,0.0,0.0,0.0,0.0,0.0,0.0,0.0,0.0,0,0,0,2.0,1,2
492,Awoniyi,4,1.0,5.5,1.0,7,a,100.0,0.8,0.1,0.0,1.4,0.0,0.0,0.0,0.0,20,4,1,2.0,1,2
575,Yirenkyi,3,1.0,5.0,1.0,7,a,100.0,0.2,0.0,0.0,3.1,0.0,0.0,0.0,0.0,61,2,1,2.0,1,2
584,Hamer,3,1.0,5.5,1.0,7,a,100.0,0.1,0.1,0.4,0.3,0.0,0.0,0.0,0.0,8,3,1,2.0,1,2
599,Cherif,4,0.0,5.0,0.0,7,a,100.0,0.1,0.0,0.0,0.0,0.0,0.0,0.0,0.0,0,0,0,2.0,1,2
42,Guessand,3,1.0,5.5,1.0,8,a,100.0,0.0,1.2,3.2,1.8,7.0,0.03,0.02,0.05,27,3,1,4.0,1,2
198,Henderson,1,2.0,5.0,2.0,8,a,100.0,1.9,2.8,28.2,0.0,0.0,0.0,0.0,0.0,90,14,2,4.0,1,2
199,Benitez,1,0.0,4.5,0.0,8,a,100.0,0.1,0.0,0.0,0.0,0.0,0.0,0.0,0.0,0,0,0,4.0,1,2
201,Muñoz,2,0.0,5.5,0.0,8,a,100.0,8.9,2.4,1.2,1.8,21.0,0.23,0.01,0.24,54,-4,0,4.0,1,2
202,Richards,2,3.0,5.0,3.0,8,a,100.0,0.7,4.3,42.6,0.7,0.0,0.0,0.0,0.0,90,13,3,4.0,1,2
203,Canvot,2,1.0,5.0,1.0,8,a,100.0,0.3,3.8,27.4,5.7,5.0,0.05,0.01,0.06,90,9,1,4.0,1,2
204,Mitchell,2,1.0,4.5,1.0,8,a,100.0,5.8,2.7,11.6,13.8,2.0,0.0,0.01,0.01,90,9,1,4.0,1,2
205,Sosa,2,0.0,4.5,0.0,8,a,100.0,0.0,0.0,0.0,0.0,0.0,0.0,0.0,0.0,0,0,0,4.0,1,2
206,Chadi Riad,2,1.0,4.5,1.0,8,d,50.0,0.1,1.4,12.6,1.3,0.0,0.0,0.01,0.01,72,7,1,4.0,1,2
207,Mingueza,2,0.0,4.5,0.0,8,a,100.0,0.1,0.0,0.0,0.0,0.0,0.0,0.0,0.0,0,0,0,4.0,1,2
208,Sarr,3,0.0,6.5,0.0,8,d,75.0,3.3,0.0,0.0,0.0,0.0,0.0,0.0,0.0,0,0,0,4.0,1,2
210,Wharton,3,4.0,5.5,4.0,8,a,100.0,0.9,4.8,16.8,30.9,0.0,0.0,0.24,0.24,90,20,4,4.0,1,2
211,Yeremy,3,1.0,5.5,1.0,8,a,100.0,0.2,1.4,2.0,6.3,6.0,0.06,0.02,0.08,35,4,1,4.0,1,2
212,Hughes,3,0.0,4.5,0.0,8,a,100.0,11.2,0.0,0.0,0.0,0.0,0.0,0.0,0.0,0,0,0,4.0,1,2
213,Lerma,3,0.0,5.0,0.0,8,a,100.0,0.1,0.0,0.0,0.0,0.0,0.0,0.0,0.0,0,0,0,4.0,1,2
214,Kamada,3,3.0,5.0,3.0,8,a,100.0,0.3,5.0,20.4,29.3,0.0,0.0,0.27,0.27,90,25,3,4.0,1,2
215,Devenny,3,0.0,5.0,0.0,8,a,100.0,0.0,0.0,0.0,0.0,0.0,0.0,0.0,0.0,0,0,0,4.0,1,2
216,Esse,3,0.0,5.0,0.0,8,a,100.0,0.0,0.0,0.0,0.0,0.0,0.0,0.0,0.0,0,0,0,4.0,1,2
217,M.França,3,0.0,5.0,0.0,8,a,100.0,0.0,0.0,0.0,0.0,0.0,0.0,0.0,0.0,0,0,0,4.0,1,2
218,Doucouré,3,0.0,5.0,0.0,8,a,100.0,0.1,0.0,0.0,0.0,0.0,0.0,0.0,0.0,0,0,0,4.0,1,2
219,J.Rak-Sakyi,3,0.0,5.0,0.0,8,a,100.0,0.0,0.0,0.0,0.0,0.0,0.0,0.0,0.0,0,0,0,4.0,1,2
220,Cardines,2,0.0,4.5,0.0,8,u,0.0,0.0,0.0,0.0,0.0,0.0,0.0,0.0,0.0,0,0,0,4.0,1,2
221,Drakes-Thomas,3,0.0,4.5,0.0,8,a,100.0,0.1,0.0,0.0,0.0,0.0,0.0,0.0,0.0,0,0,0,4.0,1,2
222,Strand Larsen,4,1.0,6.0,1.0,8,a,100.0,0.5,2.2,1.0,3.5,17.0,0.25,0.01,0.26,27,3,1,4.0,1,2
223,Mateta,4,2.0,6.5,2.0,8,a,100.0,5.4,2.5,1.4,12.3,11.0,0.7,0.02,0.72,62,-3,2,4.0,1,2
224,Nketiah,4,1.0,5.5,1.0,8,a,100.0,0.5,5.8,10.4,24.5,23.0,0.6,0.58,1.18,55,12,1,4.0,1,2
225,Uche,4,0.0,5.0,0.0,8,u,0.0,0.0,0.0,0.0,0.0,0.0,0.0,0.0,0.0,0,0,0,4.0,1,2
241,McNeil,3,2.0,5.5,2.0,8,a,100.0,0.2,1.6,9.6,4.7,2.0,0.05,0.02,0.07,62,11,2,4.0,1,2
555,Matthews,1,0.0,4.0,0.0,8,a,100.0,1.8,0.0,0.0,0.0,0.0,0.0,0.0,0.0,0,0,0,4.0,1,2
577,Tomiyasu,2,1.0,4.5,1.0,8,a,100.0,0.4,0.5,2.4,2.4,0.0,0.0,0.01,0.01,18,3,1,4.0,1,2
588,Khalaili,2,1.0,5.0,1.0,8,a,100.0,0.1,5.5,24.0,26.5,4.0,0.0,0.16,0.16,35,12,1,4.0,1,2
595,Gozo,3,0.0,5.0,0.0,8,a,100.0,0.0,0.0,0.0,0.0,0.0,0.0,0.0,0.0,0,0,0,4.0,1,2
21,Nørgaard,3,0.0,5.0,0.0,9,i,0.0,0.1,0.0,0.0,0.0,0.0,0.0,0.0,0.0,0,0,0,3.0,1,2
209,Johnson,3,1.0,6.0,1.0,9,a,100.0,0.2,0.4,4.0,0.3,0.0,0.0,0.0,0.0,6,3,1,3.0,1,2
226,Pickford,1,7.0,5.5,7.0,9,a,100.0,8.7,3.2,31.8,0.0,0.0,0.0,0.02,0.02,90,34,7,3.0,1,2
227,Travers,1,0.0,5.0,0.0,9,a,100.0,0.0,0.0,0.0,0.0,0.0,0.0,0.0,0.0,0,0,0,3.0,1,2
228,King,1,0.0,4.5,0.0,9,a,100.0,0.0,0.0,0.0,0.0,0.0,0.0,0.0,0.0,0,0,0,3.0,1,2
229,Tarkowski,2,6.0,6.0,6.0,9,a,100.0,8.8,2.0,15.2,0.8,4.0,0.05,0.0,0.05,90,25,6,3.0,1,2
230,Branthwaite,2,6.0,5.5,6.0,9,a,100.0,1.8,2.5,18.6,0.8,6.0,0.0,0.01,0.01,90,27,6,3.0,1,2
231,Keane,2,0.0,5.0,0.0,9,a,100.0,1.5,0.0,0.0,0.0,0.0,0.0,0.0,0.0,0,0,0,3.0,1,2
232,O'Brien,2,0.0,5.0,0.0,9,a,100.0,0.5,0.0,0.0,0.0,0.0,0.0,0.0,0.0,0,0,0,3.0,1,2
233,Mykolenko,2,6.0,4.5,6.0,9,a,100.0,1.6,2.9,12.8,13.8,2.0,0.0,0.05,0.05,90,27,6,3.0,1,2
234,Patterson,2,0.0,4.5,0.0,9,a,100.0,0.0,0.0,0.0,0.0,0.0,0.0,0.0,0.0,0,0,0,3.0,1,2
235,Aznou,2,0.0,4.0,0.0,9,a,100.0,0.2,0.0,0.0,0.0,0.0,0.0,0.0,0.0,0,0,0,3.0,1,2
236,Dewsbury-Hall,3,11.0,6.5,11.0,9,a,100.0,4.3,9.8,42.8,28.3,27.0,0.12,0.17,0.29,90,40,11,3.0,1,2
237,Ndiaye,3,9.0,6.0,9.0,9,a,100.0,16.1,12.9,40.8,39.8,48.0,0.24,0.32,0.56,90,36,9,3.0,1,2
239,Garner,3,1.0,6.0,1.0,9,a,100.0,0.1,1.9,4.8,11.8,2.0,0.0,0.03,0.03,11,6,1,3.0,1,2
240,Iroegbunam,3,0.0,5.0,0.0,9,i,0.0,0.0,0.0,0.0,0.0,0.0,0.0,0.0,0.0,0,0,0,3.0,1,2
242,George,3,3.0,5.5,3.0,9,a,100.0,0.3,5.5,7.0,23.4,25.0,0.18,0.08,0.26,83,13,3,3.0,1,2
243,Alcaraz,3,1.0,5.0,1.0,9,a,100.0,0.1,2.2,5.0,0.3,17.0,0.02,0.0,0.02,1,7,1,3.0,1,2
244,Armstrong,3,8.0,5.0,8.0,9,a,100.0,0.2,4.8,28.8,14.7,4.0,0.0,0.04,0.04,90,25,8,3.0,1,2
245,Dibling,3,0.0,5.5,0.0,9,a,100.0,0.0,0.0,0.0,0.0,0.0,0.0,0.0,0.0,0,0,0,3.0,1,2
246,Röhl,3,3.0,5.0,3.0,9,a,100.0,0.1,2.9,13.8,13.0,2.0,0.0,0.06,0.06,90,12,3,3.0,1,2
247,Hackney,3,3.0,5.5,3.0,9,a,100.0,0.3,2.6,8.6,12.2,5.0,0.01,0.01,0.02,78,16,3,3.0,1,2
248,Beto,4,1.0,5.5,1.0,9,a,100.0,2.5,0.2,0.0,0.0,2.0,0.05,0.0,0.05,11,3,1,3.0,1,2
249,Barry,4,8.0,5.5,8.0,9,a,100.0,2.2,9.8,38.0,19.0,41.0,0.45,0.09,0.54,78,37,8,3.0,1,2
250,Leno,1,2.0,4.5,2.0,10,a,100.0,3.0,3.0,29.6,0.0,0.0,0.0,0.0,0.0,90,11,2,3.0,1,2
251,Lecomte,1,0.0,4.0,0.0,10,a,100.0,1.2,0.0,0.0,0.0,0.0,0.0,0.0,0.0,0,0,0,3.0,1,2
252,McNally,1,0.0,4.0,0.0,10,a,100.0,0.2,0.0,0.0,0.0,0.0,0.0,0.0,0.0,0,0,0,3.0,1,2
253,Andersen,2,0.0,5.0,0.0,10,a,100.0,0.1,0.0,0.0,0.0,0.0,0.0,0.0,0.0,0,0,0,3.0,1,2
254,Robinson,2,1.0,4.5,1.0,10,a,100.0,1.7,5.0,21.6,25.2,3.0,0.13,0.04,0.17,81,4,1,3.0,1,2
255,J.Cuenca,2,3.0,4.5,3.0,10,a,100.0,0.0,5.4,32.8,21.3,0.0,0.0,0.03,0.03,90,7,3,3.0,1,2
256,Tete,2,0.0,4.5,0.0,10,a,100.0,0.3,0.0,0.0,0.0,0.0,0.0,0.0,0.0,0,0,0,3.0,1,2
257,Bassey,2,0.0,4.5,0.0,10,a,100.0,0.8,2.0,13.8,3.8,2.0,0.02,0.02,0.04,90,1,0,3.0,1,2
258,Castagne,2,6.0,4.5,6.0,10,a,100.0,0.4,8.9,38.0,27.8,23.0,0.09,0.18,0.27,90,21,6,3.0,1,2
261,Iwobi,3,2.0,5.5,2.0,10,a,100.0,1.0,2.4,12.4,11.3,0.0,0.0,0.04,0.04,90,17,2,3.0,1,2
262,Smith Rowe,3,0.0,5.5,0.0,10,a,100.0,0.4,0.0,0.0,0.0,0.0,0.0,0.0,0.0,0,0,0,3.0,1,2
263,Kevin,3,1.0,5.5,1.0,10,a,100.0,0.1,0.7,5.2,1.9,0.0,0.0,0.01,0.01,17,2,1,3.0,1,2
264,Bobb,3,2.0,5.5,2.0,10,a,100.0,0.3,3.0,9.8,13.8,6.0,0.0,0.26,0.26,66,10,2,3.0,1,2
265,Berge,3,2.0,5.0,2.0,10,a,100.0,0.4,4.4,13.6,23.1,7.0,0.03,0.03,0.06,72,14,2,3.0,1,2
266,Cairney,3,0.0,5.0,0.0,10,i,0.0,0.0,0.0,0.0,0.0,0.0,0.0,0.0,0.0,0,0,0,3.0,1,2
268,King,3,7.0,5.5,7.0,10,a,100.0,0.4,9.8,41.6,15.6,41.0,0.17,0.04,0.21,90,34,7,3.0,1,2
269,Sessegnon,2,1.0,4.5,1.0,10,a,100.0,0.4,2.6,6.6,0.5,19.0,0.03,0.0,0.03,17,7,1,3.0,1,2
270,Reed,3,0.0,4.5,0.0,10,a,100.0,1.5,0.0,0.0,0.0,0.0,0.0,0.0,0.0,0,0,0,3.0,1,2
271,Muniz,4,1.0,5.5,1.0,10,a,100.0,0.6,2.5,6.0,11.5,7.0,0.02,0.0,0.02,8,6,1,3.0,1,2
272,Kusi-Asare,4,0.0,4.5,0.0,10,a,100.0,7.1,0.0,0.0,0.0,0.0,0.0,0.0,0.0,0,0,0,3.0,1,2
569,Gonzalo,4,6.0,6.0,6.0,10,a,100.0,2.9,8.2,37.2,4.3,40.0,0.73,0.01,0.74,90,33,6,3.0,1,2
570,Palacios,3,2.0,5.5,2.0,10,a,100.0,0.2,1.8,2.8,7.3,8.0,0.16,0.01,0.17,72,10,2,3.0,1,2
580,Charles,3,1.0,5.0,1.0,10,a,100.0,0.1,0.5,3.4,1.3,0.0,0.0,0.0,0.0,23,5,1,3.0,1,2
610,De Fougerolles,2,0.0,4.0,0.0,10,a,100.0,0.0,0.0,0.0,0.0,0.0,0.0,0.0,0.0,0,0,0,3.0,1,2
273,Phillips,1,0.0,4.0,0.0,11,a,100.0,1.6,0.0,0.0,0.0,0.0,0.0,0.0,0.0,0,0,0,2.0,1,2
274,Butland,1,0.0,4.5,0.0,11,i,0.0,0.1,0.0,0.0,0.0,0.0,0.0,0.0,0.0,0,0,0,2.0,1,2
275,Cartwright,1,0.0,4.0,0.0,11,u,0.0,0.0,0.0,0.0,0.0,0.0,0.0,0.0,0.0,0,0,0,2.0,1,2
276,Lo-Tutala,1,0.0,4.0,0.0,11,u,0.0,0.0,0.0,0.0,0.0,0.0,0.0,0.0,0.0,0,0,0,2.0,1,2
277,Egan,2,8.0,4.0,8.0,11,a,100.0,1.9,4.6,43.4,0.1,2.0,0.0,0.0,0.0,90,27,8,2.0,1,2
278,Hughes,2,0.0,4.0,0.0,11,i,0.0,0.1,0.0,0.0,0.0,0.0,0.0,0.0,0.0,0,0,0,2.0,1,2
279,Ajayi,2,14.0,4.0,14.0,11,d,75.0,1.5,7.9,44.2,0.2,35.0,0.52,0.0,0.52,63,39,14,2.0,1,2
280,Coyle,2,6.0,4.0,6.0,11,d,75.0,0.6,1.7,5.8,11.3,0.0,0.0,0.01,0.01,69,23,6,2.0,1,2
281,Drameh,2,1.0,4.0,1.0,11,a,100.0,0.1,0.3,2.2,0.0,1.0,0.05,0.0,0.05,20,4,1,2.0,1,2
282,Giles,2,6.0,4.0,6.0,11,a,100.0,0.9,3.7,13.8,18.8,4.0,0.02,0.07,0.09,84,24,6,2.0,1,2
283,Jacob,2,0.0,4.0,0.0,11,i,0.0,0.0,0.0,0.0,0.0,0.0,0.0,0.0,0.0,0,0,0,2.0,1,2
284,McCarthy,2,0.0,4.0,0.0,11,a,100.0,0.1,0.0,0.0,0.0,0.0,0.0,0.0,0.0,0,0,0,2.0,1,2
285,McNair,2,1.0,4.0,1.0,11,a,100.0,0.1,0.4,4.2,0.0,0.0,0.0,0.0,0.0,26,3,1,2.0,1,2
286,Belloumi,3,3.0,5.0,3.0,11,a,100.0,0.6,2.0,10.6,2.2,7.0,0.05,0.03,0.08,90,8,3,2.0,1,2
287,Millar,3,0.0,5.0,0.0,11,a,100.0,0.1,0.4,2.0,0.3,2.0,0.0,0.0,0.0,19,2,0,2.0,1,2
288,Dowell,3,0.0,4.5,0.0,11,a,100.0,0.4,0.0,0.0,0.0,0.0,0.0,0.0,0.0,0,0,0,2.0,1,2
289,Crooks,3,2.0,4.5,2.0,11,a,100.0,0.7,2.1,19.0,2.4,0.0,0.0,0.0,0.0,90,9,2,2.0,1,2
290,Slater,3,6.0,4.5,6.0,11,a,100.0,3.6,3.8,18.4,19.3,0.0,0.0,0.44,0.44,90,20,6,2.0,1,2
291,Matazo,3,0.0,4.5,0.0,11,i,0.0,0.0,0.0,0.0,0.0,0.0,0.0,0.0,0.0,0,0,0,2.0,1,2
292,Ömür,3,0.0,5.0,0.0,11,a,100.0,0.0,0.0,0.0,0.0,0.0,0.0,0.0,0.0,0,0,0,2.0,1,2
293,Kamara,3,0.0,5.0,0.0,11,u,0.0,0.0,0.0,0.0,0.0,0.0,0.0,0.0,0.0,0,0,0,2.0,1,2
294,Zambrano,3,0.0,4.5,0.0,11,i,0.0,0.1,0.0,0.0,0.0,0.0,0.0,0.0,0.0,0,0,0,2.0,1,2
295,McBurnie,4,5.0,5.5,5.0,11,a,100.0,1.9,9.0,17.2,21.1,52.0,0.16,0.01,0.17,90,21,5,2.0,1,2
296,Akintola,3,0.0,5.0,0.0,11,a,100.0,0.0,0.0,0.0,0.0,0.0,0.0,0.0,0.0,0,0,0,2.0,1,2
297,Gyabi,3,0.0,4.5,0.0,11,i,0.0,0.0,0.0,0.0,0.0,0.0,0.0,0.0,0.0,0,0,0,2.0,1,2
298,Destan,4,0.0,4.5,0.0,11,u,0.0,0.4,0.0,0.0,0.0,0.0,0.0,0.0,0.0,0,0,0,2.0,1,2
299,Burstow,4,0.0,4.5,0.0,11,u,0.0,0.1,0.0,0.0,0.0,0.0,0.0,0.0,0.0,0,0,0,2.0,1,2
340,Gelhardt,3,0.0,5.0,0.0,11,i,0.0,0.0,0.0,0.0,0.0,0.0,0.0,0.0,0.0,0,0,0,2.0,1,2
556,Targett,2,1.0,4.0,1.0,11,a,100.0,2.4,0.0,0.4,0.0,0.0,0.0,0.0,0.0,5,3,1,2.0,1,2
563,Morita,3,0.0,5.0,0.0,11,a,100.0,0.0,0.0,0.0,0.0,0.0,0.0,0.0,0.0,0,0,0,2.0,1,2
572,Tzolakis,1,10.0,4.5,10.0,11,a,100.0,2.0,3.5,34.6,0.0,0.0,0.0,0.0,0.0,90,41,10,2.0,1,2
574,Hjertø-Dahl,3,0.0,5.0,0.0,11,a,100.0,0.1,0.0,0.0,0.0,0.0,0.0,0.0,0.0,0,0,0,2.0,1,2
576,Stroud,3,3.0,5.0,3.0,11,a,100.0,0.1,1.3,8.4,4.8,0.0,0.0,0.03,0.03,70,11,3,2.0,1,2
585,Herrington,2,1.0,4.0,1.0,11,a,100.0,0.7,0.8,8.0,0.0,0.0,0.0,0.0,0.0,26,4,1,2.0,1,2
586,Mendy,2,15.0,4.0,15.0,11,a,100.0,2.3,8.5,51.8,0.6,33.0,0.28,0.0,0.28,63,35,15,2.0,1,2
589,Gourna-Douath,3,0.0,5.0,0.0,11,a,100.0,0.0,0.0,0.0,0.0,0.0,0.0,0.0,0.0,0,0,0,2.0,1,2
259,Diop,2,2.0,4.0,2.0,12,a,100.0,17.5,1.0,7.2,0.8,2.0,0.0,0.01,0.01,90,7,2,4.0,1,2
267,Lukić,3,5.0,5.0,5.0,12,a,100.0,0.1,4.0,23.4,14.8,2.0,0.0,0.02,0.02,90,22,5,4.0,1,2
300,Walton,1,0.0,4.5,0.0,12,a,100.0,0.5,0.0,0.0,0.0,0.0,0.0,0.0,0.0,0,0,0,4.0,1,2
301,Palmer,1,0.0,4.0,0.0,12,a,100.0,4.6,0.0,0.0,0.0,0.0,0.0,0.0,0.0,0,0,0,4.0,1,2
302,Button,1,0.0,4.0,0.0,12,a,100.0,0.4,0.0,0.0,0.0,0.0,0.0,0.0,0.0,0,0,0,4.0,1,2
303,Kipré,2,0.0,4.0,0.0,12,a,100.0,0.6,0.0,0.0,0.0,0.0,0.0,0.0,0.0,0,0,0,4.0,1,2
304,O'Shea,2,4.0,4.0,4.0,12,a,100.0,3.5,7.5,48.0,24.5,2.0,0.0,0.16,0.16,90,16,4,4.0,1,2
305,Davis,2,2.0,4.0,2.0,12,a,100.0,5.0,1.8,15.2,2.3,0.0,0.0,0.01,0.01,90,10,2,4.0,1,2
306,Greaves,2,2.0,4.0,2.0,12,a,100.0,1.5,1.8,16.4,1.3,0.0,0.0,0.0,0.0,90,12,2,4.0,1,2
307,Johnson,2,0.0,4.0,0.0,12,a,100.0,0.1,0.0,0.0,0.0,0.0,0.0,0.0,0.0,0,0,0,4.0,1,2
308,Furlong,2,0.0,4.0,0.0,12,a,100.0,0.6,0.0,0.0,0.0,0.0,0.0,0.0,0.0,0,0,0,4.0,1,2
309,Núñez,3,4.0,5.0,4.0,12,a,100.0,0.1,2.4,13.0,7.3,4.0,0.03,0.03,0.06,79,26,4,4.0,1,2
310,Matusiwa,3,0.0,5.0,0.0,12,i,0.0,0.0,0.0,0.0,0.0,0.0,0.0,0.0,0.0,0,0,0,4.0,1,2
311,Burns,3,0.0,5.0,0.0,12,u,0.0,0.0,0.0,0.0,0.0,0.0,0.0,0.0,0.0,0,0,0,4.0,1,2
312,Taylor,3,0.0,4.5,0.0,12,i,0.0,0.0,0.0,0.0,0.0,0.0,0.0,0.0,0.0,0,0,0,4.0,1,2
313,Clarke,3,7.0,5.5,7.0,12,a,100.0,0.3,5.2,33.6,0.6,18.0,0.1,0.0,0.1,19,27,7,4.0,1,2
314,Ogbene,3,0.0,5.0,0.0,12,a,100.0,0.0,0.0,0.0,0.0,0.0,0.0,0.0,0.0,0,0,0,4.0,1,2
315,Fatawu,3,2.0,5.5,2.0,12,a,100.0,0.2,5.5,18.6,28.4,8.0,0.0,0.41,0.41,65,22,2,4.0,1,2
316,Emersonn,4,9.0,5.5,9.0,12,a,100.0,1.3,11.2,45.6,26.3,40.0,0.82,0.06,0.88,65,41,9,4.0,1,2
317,Hirst,4,0.0,5.0,0.0,12,u,0.0,0.2,0.0,0.0,0.0,0.0,0.0,0.0,0.0,0,0,0,4.0,1,2
318,Philogene,3,0.0,5.5,0.0,12,i,0.0,0.2,0.0,0.0,0.0,0.0,0.0,0.0,0.0,0,0,0,4.0,1,2
319,Szmodics,3,0.0,5.0,0.0,12,u,0.0,0.0,0.0,0.0,0.0,0.0,0.0,0.0,0.0,0,0,0,4.0,1,2
320,Akpom,4,1.0,5.0,1.0,12,a,100.0,0.5,0.3,1.4,0.0,2.0,0.0,0.0,0.0,24,3,1,4.0,1,2
321,Walle Egeli,4,1.0,4.5,1.0,12,a,100.0,2.4,0.0,0.0,0.1,0.0,0.0,0.0,0.0,10,3,1,4.0,1,2
322,Al-Hamadi,4,0.0,5.0,0.0,12,a,100.0,0.1,0.0,0.0,0.0,0.0,0.0,0.0,0.0,0,0,0,4.0,1,2
323,McAteer,3,1.0,4.5,1.0,12,a,100.0,1.4,0.3,1.2,1.3,0.0,0.0,0.0,0.0,24,4,1,4.0,1,2
324,Mehmeti,3,0.0,5.0,0.0,12,a,100.0,0.1,0.0,0.0,0.0,0.0,0.0,0.0,0.0,0,0,0,4.0,1,2
554,Van Oevelen,1,0.0,4.5,0.0,12,u,0.0,0.0,0.0,0.0,0.0,0.0,0.0,0.0,0.0,0,0,0,4.0,1,2
562,Maeda,3,2.0,5.5,2.0,12,a,100.0,0.4,2.1,12.6,1.4,7.0,0.61,0.0,0.61,79,7,2,4.0,1,2
564,Scherpen,1,2.0,4.5,2.0,12,a,100.0,0.7,1.4,14.4,0.0,0.0,0.0,0.0,0.0,90,12,2,4.0,1,2
571,Florentino,3,0.0,5.0,0.0,12,d,75.0,0.1,0.0,0.0,0.0,0.0,0.0,0.0,0.0,0,0,0,4.0,1,2
591,Enciso,3,5.0,5.5,5.0,12,a,100.0,0.4,5.4,21.6,14.0,18.0,0.23,0.31,0.54,70,24,5,4.0,1,2
592,Ouattara,2,1.0,4.0,1.0,12,a,100.0,1.0,1.5,5.2,10.0,0.0,0.0,0.0,0.0,10,4,1,4.0,1,2
602,Humphreys,3,0.0,4.5,0.0,12,a,100.0,0.0,0.0,0.0,0.0,0.0,0.0,0.0,0.0,0,0,0,4.0,1,2
260,Wilson,3,3.0,6.5,3.0,13,a,100.0,5.9,2.6,6.2,15.3,4.0,0.0,0.02,0.02,65,8,3,3.0,1,2
326,Perri,1,0.0,4.5,0.0,13,a,100.0,0.6,0.0,0.0,0.0,0.0,0.0,0.0,0.0,0,0,0,3.0,1,2
327,Bijol,2,10.0,5.0,10.0,13,a,100.0,0.8,3.9,23.6,0.4,15.0,0.11,0.0,0.11,90,28,10,3.0,1,2
329,Rodon,2,6.0,4.5,6.0,13,a,100.0,3.6,3.4,14.4,14.4,5.0,0.03,0.06,0.09,90,21,6,3.0,1,2
330,Bogle,2,6.0,4.5,6.0,13,a,100.0,0.6,0.8,7.0,1.1,0.0,0.0,0.0,0.0,90,24,6,3.0,1,2
331,Gudmundsson,2,0.0,4.5,0.0,13,i,0.0,0.0,0.0,0.0,0.0,0.0,0.0,0.0,0.0,0,0,0,3.0,1,2
332,Justin,2,10.0,4.5,10.0,13,a,100.0,0.9,2.9,24.6,2.3,2.0,0.0,0.01,0.01,90,28,10,3.0,1,2
333,Bornauw,2,0.0,4.5,0.0,13,u,0.0,0.0,0.0,0.0,0.0,0.0,0.0,0.0,0.0,0,0,0,3.0,1,2
334,Muharemović,2,6.0,5.0,6.0,13,a,100.0,3.4,3.3,15.6,0.6,17.0,0.09,0.0,0.09,90,25,6,3.0,1,2
335,Stach,3,13.0,6.0,13.0,13,a,100.0,1.7,6.6,47.8,2.3,16.0,0.1,0.05,0.15,90,37,13,3.0,1,2
336,Okafor,3,1.0,6.0,1.0,13,a,100.0,0.5,2.8,10.0,14.0,4.0,0.0,0.16,0.16,24,10,1,3.0,1,2
337,Aaronson,3,3.0,5.5,3.0,13,a,100.0,0.9,1.6,8.0,1.1,7.0,0.01,0.01,0.02,81,16,3,3.0,1,2
338,Ampadu,3,5.0,5.5,5.0,13,a,100.0,1.4,4.2,18.6,23.3,0.0,0.0,0.04,0.04,90,18,5,3.0,1,2
339,Longstaff,3,1.0,5.0,1.0,13,a,100.0,0.1,0.0,0.0,0.2,0.0,0.0,0.0,0.0,8,3,1,3.0,1,2
341,Gnonto,3,0.0,5.0,0.0,13,i,0.0,0.0,0.0,0.0,0.0,0.0,0.0,0.0,0.0,0,0,0,3.0,1,2
342,Harrison,3,0.0,5.0,0.0,13,u,0.0,0.0,0.0,0.0,0.0,0.0,0.0,0.0,0.0,0,0,0,3.0,1,2
343,James,3,0.0,5.0,0.0,13,a,100.0,0.1,0.0,0.0,0.0,0.0,0.0,0.0,0.0,0,0,0,3.0,1,2
344,Gruev,3,0.0,5.0,0.0,13,i,0.0,0.0,0.0,0.0,0.0,0.0,0.0,0.0,0.0,0,0,0,3.0,1,2
345,Tanaka,3,0.0,5.0,0.0,13,a,100.0,0.2,0.0,0.0,0.0,0.0,0.0,0.0,0.0,0,0,0,3.0,1,2
346,Calvert-Lewin,4,1.0,6.0,1.0,13,a,100.0,29.5,0.7,0.0,0.8,11.0,0.13,0.0,0.13,90,-2,1,3.0,1,2
347,Nmecha,4,0.0,5.5,0.0,13,a,100.0,0.6,0.0,0.0,0.0,0.0,0.0,0.0,0.0,0,0,0,3.0,1,2
348,Piroe,4,0.0,5.0,0.0,13,u,0.0,0.1,0.0,0.0,0.0,0.0,0.0,0.0,0.0,0,0,0,3.0,1,2
349,Mateo Joseph,4,0.0,4.5,0.0,13,i,0.0,0.1,0.0,0.0,0.0,0.0,0.0,0.0,0.0,0,0,0,3.0,1,2
385,Trafford,1,9.0,5.0,9.0,13,a,100.0,3.8,1.9,19.4,0.0,0.0,0.0,0.0,0.0,90,28,9,3.0,1,2
598,Elvedi,2,0.0,4.5,0.0,13,a,100.0,0.0,0.0,0.0,0.0,0.0,0.0,0.0,0.0,0,0,0,3.0,1,2
603,Lienou,2,0.0,4.0,0.0,13,a,100.0,0.1,0.0,0.0,0.0,0.0,0.0,0.0,0.0,0,0,0,3.0,1,2
604,Cresswell,3,0.0,4.5,0.0,13,a,100.0,0.1,0.0,0.0,0.0,0.0,0.0,0.0,0.0,0,0,0,3.0,1,2
350,A.Becker,1,2.0,5.5,2.0,14,a,100.0,3.7,1.8,17.8,0.0,0.0,0.0,0.0,0.0,90,7,2,3.0,1,2
351,Mamardashvili,1,0.0,5.0,0.0,14,a,100.0,0.2,0.0,0.0,0.0,0.0,0.0,0.0,0.0,0,0,0,3.0,1,2
352,Woodman,1,0.0,4.0,0.0,14,a,100.0,1.1,0.0,0.0,0.0,0.0,0.0,0.0,0.0,0,0,0,3.0,1,2
353,Pecsi,1,0.0,4.0,0.0,14,u,0.0,0.0,0.0,0.0,0.0,0.0,0.0,0.0,0.0,0,0,0,3.0,1,2
354,Jaros,1,0.0,4.0,0.0,14,i,0.0,0.0,0.0,0.0,0.0,0.0,0.0,0.0,0.0,0,0,0,3.0,1,2
355,Davies,1,0.0,4.0,0.0,14,a,100.0,0.1,0.0,0.0,0.0,0.0,0.0,0.0,0.0,0,0,0,3.0,1,2
356,Virgil,2,2.0,6.5,2.0,14,a,100.0,19.6,5.1,25.6,1.6,24.0,0.25,0.01,0.26,90,8,2,3.0,1,2
357,Frimpong,2,0.0,5.5,0.0,14,a,100.0,3.5,6.1,13.6,37.8,10.0,0.01,0.09,0.1,90,3,0,3.0,1,2
358,Kerkez,2,0.0,5.5,0.0,14,a,100.0,3.6,4.4,18.0,13.8,12.0,0.02,0.02,0.04,90,3,0,3.0,1,2
359,Gomez,2,0.0,5.0,0.0,14,i,0.0,0.0,0.0,0.0,0.0,0.0,0.0,0.0,0.0,0,0,0,3.0,1,2
360,Bradley,2,0.0,5.0,0.0,14,i,0.0,0.0,0.0,0.0,0.0,0.0,0.0,0.0,0.0,0,0,0,3.0,1,2
361,Lucky,2,0.0,4.0,0.0,14,a,100.0,0.1,0.0,0.0,0.0,0.0,0.0,0.0,0.0,0,0,0,3.0,1,2
362,Jacquet,2,1.0,5.0,1.0,14,a,100.0,2.4,2.4,12.4,11.9,0.0,0.0,0.02,0.02,69,9,1,3.0,1,2
363,Leoni,2,0.0,4.0,0.0,14,i,0.0,0.0,0.0,0.0,0.0,0.0,0.0,0.0,0.0,0,0,0,3.0,1,2
364,Tsimikas,2,0.0,5.0,0.0,14,a,100.0,0.1,0.0,0.0,0.0,0.0,0.0,0.0,0.0,0,0,0,3.0,1,2
365,Ramsay,2,0.0,4.0,0.0,14,a,100.0,0.2,0.0,0.0,0.0,0.0,0.0,0.0,0.0,0,0,0,3.0,1,2
366,Wirtz,3,2.0,7.5,2.0,14,a,100.0,11.9,5.7,9.8,17.9,29.0,0.26,0.04,0.3,62,16,2,3.0,1,2
367,Gakpo,3,12.0,7.0,12.0,14,a,100.0,5.2,11.5,44.0,34.0,37.0,0.3,0.15,0.45,90,33,12,3.0,1,2
368,Szoboszlai,3,8.0,7.0,8.0,14,a,100.0,42.8,11.9,50.4,47.1,21.0,0.85,0.27,1.12,90,29,8,3.0,1,2
369,Ngumoha,3,2.0,6.0,2.0,14,a,100.0,1.1,1.3,2.4,6.0,5.0,0.04,0.02,0.06,62,9,2,3.0,1,2
370,Chiesa,3,0.0,5.5,0.0,14,a,100.0,0.1,0.0,0.0,0.0,0.0,0.0,0.0,0.0,0,0,0,3.0,1,2
371,Gravenberch,3,5.0,6.0,5.0,14,a,100.0,2.0,4.4,24.4,16.0,4.0,0.06,0.05,0.11,77,26,5,3.0,1,2
372,Mac Allister,3,1.0,5.5,1.0,14,a,100.0,1.6,0.7,5.8,1.4,0.0,0.0,0.01,0.01,27,9,1,3.0,1,2
373,C.Jones,3,0.0,5.5,0.0,14,d,75.0,0.0,0.0,0.0,0.0,0.0,0.0,0.0,0.0,0,0,0,3.0,1,2
374,Endo,3,0.0,5.0,0.0,14,a,100.0,0.1,0.0,0.0,0.0,0.0,0.0,0.0,0.0,0,0,0,3.0,1,2
375,Nyoni,3,0.0,5.0,0.0,14,a,100.0,0.0,0.0,0.0,0.0,0.0,0.0,0.0,0.0,0,0,0,3.0,1,2
376,Bajcetic,3,0.0,5.0,0.0,14,i,0.0,0.0,0.0,0.0,0.0,0.0,0.0,0.0,0.0,0,0,0,3.0,1,2
377,Munoz,3,4.0,6.5,4.0,14,a,100.0,0.6,2.7,4.0,8.9,14.0,0.1,0.04,0.14,27,15,4,3.0,1,2
378,McConnell,3,0.0,4.5,0.0,14,a,100.0,0.3,0.0,0.0,0.0,0.0,0.0,0.0,0.0,0,0,0,3.0,1,2
379,Isak,4,2.0,9.0,2.0,14,a,100.0,16.7,9.2,11.4,14.6,66.0,1.09,0.01,1.1,90,6,2,3.0,1,2
380,Ekitiké,4,0.0,7.5,0.0,14,i,0.0,0.2,0.0,0.0,0.0,0.0,0.0,0.0,0.0,0,0,0,3.0,1,2
381,Koumas,3,1.0,5.0,1.0,14,a,100.0,0.0,0.9,1.2,0.5,7.0,0.03,0.0,0.03,12,4,1,3.0,1,2
382,Danns,4,0.0,4.5,0.0,14,i,0.0,0.0,0.0,0.0,0.0,0.0,0.0,0.0,0.0,0,0,0,3.0,1,2
383,Elliott,3,0.0,5.5,0.0,14,a,100.0,0.1,0.0,0.0,0.0,0.0,0.0,0.0,0.0,0,0,0,3.0,1,2
579,Araujo,2,1.0,5.5,1.0,14,a,100.0,2.7,1.4,13.2,1.2,0.0,0.0,0.03,0.03,20,3,1,3.0,1,2
238,Grealish,3,1.0,6.5,1.0,15,a,100.0,0.2,0.2,1.0,0.6,0.0,0.0,0.0,0.0,8,2,1,3.0,1,2
384,Donnarumma,1,3.0,5.5,3.0,15,a,100.0,8.3,2.7,26.8,0.0,0.0,0.0,0.0,0.0,90,12,3,3.0,1,2
386,Bettinelli,1,0.0,4.5,0.0,15,a,100.0,0.0,0.0,0.0,0.0,0.0,0.0,0.0,0.0,0,0,0,3.0,1,2
387,O'Reilly,2,2.0,6.5,2.0,15,a,100.0,21.1,5.0,8.8,30.4,11.0,0.07,0.41,0.48,62,5,2,3.0,1,2
388,Guéhi,2,10.0,6.0,10.0,15,a,100.0,18.8,8.9,43.6,17.5,28.0,0.89,0.32,1.21,90,31,10,3.0,1,2
389,Matheus N.,2,1.0,6.0,1.0,15,a,100.0,1.6,0.9,3.8,1.5,4.0,0.0,0.04,0.04,33,4,1,3.0,1,2
390,Rúben,2,2.0,5.5,2.0,15,a,100.0,1.8,4.4,24.4,17.9,2.0,0.0,0.14,0.14,90,11,2,3.0,1,2
391,Gvardiol,2,9.0,5.5,9.0,15,a,100.0,12.9,7.8,47.6,13.3,17.0,0.19,0.05,0.24,90,28,9,3.0,1,2
392,Aït-Nouri,2,0.0,5.5,0.0,15,a,100.0,0.8,0.0,0.0,0.0,0.0,0.0,0.0,0.0,0,0,0,3.0,1,2
393,Khusanov,2,2.0,5.5,2.0,15,a,100.0,1.8,2.0,17.0,3.4,0.0,0.0,0.02,0.02,90,14,2,3.0,1,2
394,Alleyne,2,0.0,5.0,0.0,15,u,0.0,0.0,0.0,0.0,0.0,0.0,0.0,0.0,0.0,0,0,0,3.0,1,2
395,Lewis,2,1.0,4.5,1.0,15,a,100.0,0.2,4.7,3.8,3.8,39.0,0.17,0.02,0.19,56,-1,1,3.0,1,2
396,Vitor Reis,2,0.0,4.5,0.0,15,a,100.0,0.0,0.0,0.0,0.0,0.0,0.0,0.0,0.0,0,0,0,3.0,1,2
397,Semenyo,3,2.0,8.5,2.0,15,a,100.0,24.9,4.6,5.8,8.9,31.0,0.06,0.02,0.08,90,16,2,3.0,1,2
398,Foden,3,1.0,7.0,1.0,15,a,100.0,4.2,7.5,10.4,49.6,15.0,0.12,0.4,0.52,81,15,1,3.0,1,2
399,Cherki,3,8.0,7.5,8.0,15,a,100.0,9.9,9.2,39.2,48.8,4.0,0.0,0.5,0.5,27,28,8,3.0,1,2
400,Doku,3,0.0,7.5,0.0,15,i,0.0,1.5,0.0,0.0,0.0,0.0,0.0,0.0,0.0,0,0,0,3.0,1,2
401,Marmoush,4,0.0,7.0,0.0,15,a,100.0,1.0,0.0,0.0,0.0,0.0,0.0,0.0,0.0,0,0,0,3.0,1,2
402,Rodrigo,3,0.0,6.5,0.0,15,u,0.0,0.0,0.0,0.0,0.0,0.0,0.0,0.0,0.0,0,0,0,3.0,1,2
404,Reijnders,3,0.0,6.0,0.0,15,u,0.0,0.1,0.0,0.0,0.0,0.0,0.0,0.0,0.0,0,0,0,3.0,1,2
405,N.Gonzalez,3,0.0,5.5,0.0,15,a,100.0,0.1,0.0,0.0,0.0,0.0,0.0,0.0,0.0,0,0,0,3.0,1,2
406,Kovačić,3,1.0,5.5,1.0,15,a,100.0,0.1,0.4,2.2,2.1,0.0,0.0,0.01,0.01,27,3,1,3.0,1,2
407,Echeverri,3,0.0,5.0,0.0,15,a,100.0,0.0,0.0,0.0,0.0,0.0,0.0,0.0,0.0,0,0,0,3.0,1,2
408,Phillips,3,0.0,5.0,0.0,15,u,0.0,0.0,0.0,0.0,0.0,0.0,0.0,0.0,0.0,0,0,0,3.0,1,2
409,Mukasa,3,0.0,4.5,0.0,15,a,100.0,0.2,0.0,0.0,0.0,0.0,0.0,0.0,0.0,0,0,0,3.0,1,2
410,Monga,3,0.0,5.0,0.0,15,a,100.0,0.0,0.0,0.0,0.0,0.0,0.0,0.0,0.0,0,0,0,3.0,1,2
411,Haaland,4,2.0,15.5,2.0,15,a,100.0,68.3,5.9,3.8,5.2,50.0,0.74,0.02,0.76,90,6,2,3.0,1,2
481,Anderson,3,2.0,6.5,2.0,15,d,75.0,6.6,2.8,7.2,20.8,0.0,0.0,0.25,0.25,62,14,2,3.0,1,2
587,Rulli,1,0.0,5.0,0.0,15,a,100.0,0.0,0.0,0.0,0.0,0.0,0.0,0.0,0.0,0,0,0,3.0,1,2
43,Tielemans,3,2.0,6.0,2.0,16,a,100.0,2.4,2.0,5.0,11.3,4.0,0.04,0.11,0.15,66,13,2,2.0,1,2
162,Andrey Santos,3,2.0,5.0,2.0,16,a,100.0,1.0,1.8,11.4,4.2,2.0,0.0,0.23,0.23,66,17,2,2.0,1,2
325,Darlow,1,0.0,4.5,0.0,16,a,100.0,0.0,0.0,0.0,0.0,0.0,0.0,0.0,0.0,0,0,0,2.0,1,2
412,Lammens,1,1.0,5.0,1.0,16,a,100.0,15.9,2.0,20.2,0.0,0.0,0.0,0.0,0.0,90,7,1,2.0,1,2
413,Bayindir,1,0.0,4.5,0.0,16,u,0.0,0.0,0.0,0.0,0.0,0.0,0.0,0.0,0.0,0,0,0,2.0,1,2
414,Heaton,1,0.0,4.0,0.0,16,i,0.0,0.1,0.0,0.0,0.0,0.0,0.0,0.0,0.0,0,0,0,2.0,1,2
415,Dorgu,3,0.0,6.0,0.0,16,a,100.0,1.2,0.7,0.0,1.2,16.0,0.47,0.03,0.5,45,-11,0,2.0,1,2
416,De Ligt,2,0.0,5.0,0.0,16,i,0.0,0.0,0.0,0.0,0.0,0.0,0.0,0.0,0.0,0,0,0,2.0,1,2
417,Dalot,2,1.0,5.0,1.0,16,a,100.0,2.6,1.9,7.6,11.3,0.0,0.0,0.0,0.0,10,6,1,2.0,1,2
418,Maguire,2,1.0,5.0,1.0,16,a,100.0,17.4,7.3,25.4,28.6,19.0,0.04,0.4,0.44,90,15,1,2.0,1,2
419,Martinez,2,0.0,5.0,0.0,16,a,100.0,1.3,0.0,0.0,0.0,0.0,0.0,0.0,0.0,0,0,0,2.0,1,2
420,Yoro,2,0.0,5.0,0.0,16,a,100.0,0.7,0.0,0.0,0.0,0.0,0.0,0.0,0.0,0,0,0,2.0,1,2
421,Heaven,2,1.0,4.5,1.0,16,a,100.0,0.4,2.0,6.8,2.6,11.0,0.12,0.04,0.16,90,5,1,2.0,1,2
422,Mazraoui,2,1.0,4.5,1.0,16,a,100.0,0.7,5.6,17.4,29.4,9.0,0.22,0.05,0.27,79,8,1,2.0,1,2
423,Shaw,2,1.0,4.5,1.0,16,a,100.0,20.1,9.0,25.2,59.2,6.0,0.0,0.26,0.26,90,13,1,2.0,1,2
424,Amass,2,0.0,4.0,0.0,16,a,100.0,0.2,0.0,0.0,0.0,0.0,0.0,0.0,0.0,0,0,0,2.0,1,2
425,Fredricson,2,0.0,4.0,0.0,16,u,0.0,0.0,0.0,0.0,0.0,0.0,0.0,0.0,0.0,0,0,0,2.0,1,2
426,B.Fernandes,3,2.0,12.0,2.0,16,a,100.0,49.3,9.3,20.2,55.4,17.0,0.08,0.26,0.34,90,18,2,2.0,1,2
427,Mbeumo,3,2.0,8.0,2.0,16,a,100.0,36.7,8.7,9.6,28.1,49.0,0.5,0.23,0.73,90,12,2,2.0,1,2
428,Cunha,3,2.0,8.0,2.0,16,a,100.0,9.7,6.9,5.4,28.2,35.0,0.24,0.21,0.45,79,14,2,2.0,1,2
429,Rashford,3,1.0,7.0,1.0,16,a,100.0,1.7,6.4,11.6,48.6,4.0,0.0,0.1,0.1,45,9,1,2.0,1,2
430,Mount,3,0.0,5.5,0.0,16,d,75.0,0.0,0.0,0.0,0.0,0.0,0.0,0.0,0.0,0,0,0,2.0,1,2
431,Amad,3,0.0,6.0,0.0,16,d,75.0,1.2,0.0,0.0,0.0,0.0,0.0,0.0,0.0,0,0,0,2.0,1,2
432,Mainoo,3,1.0,5.5,1.0,16,a,100.0,1.0,0.7,2.8,2.5,2.0,0.07,0.01,0.08,23,7,1,2.0,1,2
433,Ugarte,3,0.0,5.0,0.0,16,i,0.0,0.0,0.0,0.0,0.0,0.0,0.0,0.0,0.0,0,0,0,2.0,1,2
434,J.Fletcher,3,0.0,5.0,0.0,16,a,100.0,0.0,0.0,0.0,0.0,0.0,0.0,0.0,0.0,0,0,0,2.0,1,2
435,Lacey,3,1.0,5.0,1.0,16,a,100.0,0.0,0.1,0.2,0.6,0.0,0.0,0.0,0.0,10,3,1,2.0,1,2
436,Collyer,3,0.0,5.0,0.0,16,a,100.0,0.0,0.0,0.0,0.0,0.0,0.0,0.0,0.0,0,0,0,2.0,1,2
437,Bendito Mantato,3,0.0,4.5,0.0,16,a,100.0,0.2,0.0,0.0,0.0,0.0,0.0,0.0,0.0,0,0,0,2.0,1,2
438,Fletcher,3,0.0,4.5,0.0,16,a,100.0,0.3,0.0,0.0,0.0,0.0,0.0,0.0,0.0,0,0,0,2.0,1,2
439,Šeško,4,1.0,7.0,1.0,16,a,100.0,1.7,0.9,0.0,0.5,9.0,0.04,0.0,0.04,23,2,1,2.0,1,2
440,Zirkzee,4,0.0,5.5,0.0,16,a,100.0,0.6,0.0,0.0,0.0,0.0,0.0,0.0,0.0,0,0,0,2.0,1,2
441,Obi,4,0.0,4.5,0.0,16,a,100.0,1.1,0.0,0.0,0.0,0.0,0.0,0.0,0.0,0,0,0,2.0,1,2
442,Pope,1,0.0,5.0,0.0,17,a,100.0,1.3,0.0,0.0,0.0,0.0,0.0,0.0,0.0,0,0,0,3.0,1,2
443,Gillespie,1,0.0,4.5,0.0,17,a,100.0,0.0,0.0,0.0,0.0,0.0,0.0,0.0,0.0,0,0,0,3.0,1,2
444,Jaouen,1,0.0,4.5,0.0,17,a,100.0,0.0,0.0,0.0,0.0,0.0,0.0,0.0,0.0,0,0,0,3.0,1,2
445,Thiaw,2,3.0,5.0,3.0,17,a,100.0,1.7,3.8,37.8,0.2,0.0,0.0,0.0,0.0,90,0,3,3.0,1,2
446,Schär,2,1.0,5.0,1.0,17,a,100.0,0.3,0.0,0.0,0.0,0.0,0.0,0.0,0.0,1,-1,1,3.0,1,2
447,Botman,2,3.0,5.0,3.0,17,a,100.0,0.5,3.3,32.4,0.3,0.0,0.0,0.01,0.01,90,4,3,3.0,1,2
448,Burn,2,0.0,5.0,0.0,17,i,0.0,1.9,0.0,0.0,0.0,0.0,0.0,0.0,0.0,0,0,0,3.0,1,2
449,Hall,2,3.0,5.0,3.0,17,a,100.0,4.0,3.7,22.0,15.2,0.0,0.0,0.35,0.35,90,8,3,3.0,1,2
450,Livramento,2,0.0,5.0,0.0,17,i,0.0,0.0,0.0,0.0,0.0,0.0,0.0,0.0,0.0,0,0,0,3.0,1,2
451,A.Murphy,2,0.0,4.0,0.0,17,u,0.0,0.1,0.0,0.0,0.0,0.0,0.0,0.0,0.0,0,0,0,3.0,1,2
453,Barnes,3,2.0,6.0,2.0,17,a,100.0,1.1,1.7,5.2,2.4,9.0,0.07,0.02,0.09,90,12,2,3.0,1,2
454,Elanga,3,9.0,6.0,9.0,17,a,100.0,1.6,6.9,37.4,3.5,28.0,0.22,0.01,0.23,75,31,9,3.0,1,2
456,J.Ramsey,3,0.0,5.0,0.0,17,a,100.0,0.4,1.3,7.8,1.3,4.0,0.06,0.01,0.07,34,1,0,3.0,1,2
457,J.Murphy,3,0.0,6.0,0.0,17,a,100.0,0.2,0.1,0.0,0.1,2.0,0.0,0.0,0.0,14,-1,0,3.0,1,2
458,Joelinton,3,0.0,5.5,0.0,17,i,0.0,0.0,0.0,0.0,0.0,0.0,0.0,0.0,0.0,0,0,0,3.0,1,2
459,L.Miley,3,3.0,5.5,3.0,17,a,100.0,0.1,4.0,15.6,21.4,3.0,0.05,0.01,0.06,75,13,3,3.0,1,2
460,Willock,3,6.0,5.0,6.0,17,a,100.0,0.2,6.1,38.4,13.9,9.0,0.09,0.17,0.26,34,28,6,3.0,1,2
461,Touré,3,0.0,6.0,0.0,17,a,100.0,0.2,0.0,0.0,0.0,0.0,0.0,0.0,0.0,0,0,0,3.0,1,2
462,Steur,3,1.0,5.0,1.0,17,a,100.0,0.1,0.2,0.4,1.2,0.0,0.0,0.0,0.0,55,3,1,3.0,1,2
463,Woltemade,4,0.0,6.0,0.0,17,a,100.0,1.6,0.0,0.0,0.0,0.0,0.0,0.0,0.0,0,0,0,3.0,1,2
464,Wissa,4,4.0,6.0,4.0,17,a,100.0,2.7,6.4,20.0,16.3,28.0,1.0,0.02,1.02,90,7,4,3.0,1,2
465,Osula,4,4.0,6.0,4.0,17,d,50.0,1.2,5.0,28.2,13.7,8.0,0.06,0.14,0.2,55,18,4,3.0,1,2
466,Neave,4,0.0,4.5,0.0,17,a,100.0,0.8,0.0,0.0,0.0,0.0,0.0,0.0,0.0,0,0,0,3.0,1,2
559,Bamba,3,1.0,5.0,1.0,17,a,100.0,0.1,0.4,4.0,0.0,0.0,0.0,0.0,0.0,14,5,1,3.0,1,2
567,Horníček,1,1.0,5.0,1.0,17,a,100.0,0.7,4.1,41.2,0.0,0.0,0.0,0.0,0.0,90,12,1,3.0,1,2
593,Dedić,2,1.0,4.5,1.0,17,a,100.0,0.3,2.3,16.4,1.2,5.0,0.03,0.0,0.03,90,-1,1,3.0,1,2
609,Shahar,2,0.0,4.0,0.0,17,a,100.0,0.1,0.0,0.0,0.0,0.0,0.0,0.0,0.0,0,0,0,3.0,1,2
467,Sels,1,2.0,5.0,2.0,18,a,100.0,1.6,1.4,14.2,0.0,0.0,0.0,0.0,0.0,90,11,2,4.0,1,2
468,John,1,0.0,4.5,0.0,18,a,100.0,0.1,0.0,0.0,0.0,0.0,0.0,0.0,0.0,0,0,0,4.0,1,2
469,N.Williams,2,2.0,5.0,2.0,18,a,100.0,9.4,2.7,15.2,5.8,6.0,0.0,0.02,0.02,90,13,2,4.0,1,2
470,Morato,2,0.0,5.0,0.0,18,a,100.0,0.0,0.0,0.0,0.0,0.0,0.0,0.0,0.0,0,0,0,4.0,1,2
471,Milenković,2,2.0,5.5,2.0,18,a,100.0,1.9,2.2,7.6,0.6,14.0,0.11,0.02,0.13,90,4,2,4.0,1,2
472,Murillo,2,4.0,5.5,4.0,18,a,100.0,1.7,5.8,32.2,25.9,0.0,0.0,0.28,0.28,90,15,4,4.0,1,2
473,Aina,2,5.0,4.5,5.0,18,a,100.0,3.6,6.3,16.0,35.6,11.0,0.04,0.17,0.21,73,24,5,4.0,1,2
474,Jair Cunha,2,1.0,4.5,1.0,18,a,100.0,0.2,2.2,20.8,1.3,0.0,0.0,0.0,0.0,90,5,1,4.0,1,2
475,Savona,2,0.0,4.5,0.0,18,i,0.0,0.0,0.0,0.0,0.0,0.0,0.0,0.0,0.0,0,0,0,4.0,1,2
476,O.Richards,2,0.0,4.0,0.0,18,a,100.0,0.2,0.0,0.0,0.0,0.0,0.0,0.0,0.0,0,0,0,4.0,1,2
477,Abbott,2,0.0,4.0,0.0,18,a,100.0,0.3,0.0,0.0,0.0,0.0,0.0,0.0,0.0,0,0,0,4.0,1,2
478,Netz,2,1.0,4.5,1.0,18,a,100.0,0.0,0.1,0.0,0.9,0.0,0.0,0.0,0.0,16,-2,1,4.0,1,2
479,Bindon,2,0.0,4.0,0.0,18,a,100.0,0.2,0.0,0.0,0.0,0.0,0.0,0.0,0.0,0,0,0,4.0,1,2
480,Gibbs-White,3,2.0,8.0,2.0,18,d,75.0,9.8,2.4,0.0,9.3,16.0,0.13,0.06,0.19,90,10,2,4.0,1,2
482,Hudson-Odoi,3,0.0,6.0,0.0,18,a,100.0,0.2,0.0,0.0,0.0,0.0,0.0,0.0,0.0,0,0,0,4.0,1,2
483,Ndoye,3,3.0,5.5,3.0,18,a,100.0,0.4,0.4,1.4,2.5,0.0,0.0,0.0,0.0,61,5,3,4.0,1,2
484,Hutchinson,3,0.0,5.5,0.0,18,a,100.0,0.2,0.0,0.0,0.0,0.0,0.0,0.0,0.0,0,0,0,4.0,1,2
485,Bakwa,3,0.0,5.5,0.0,18,a,100.0,0.0,0.0,0.0,0.0,0.0,0.0,0.0,0.0,0,0,0,4.0,1,2
486,McAtee,3,3.0,5.5,3.0,18,a,100.0,0.0,5.4,11.6,42.5,0.0,0.0,0.16,0.16,73,18,3,4.0,1,2
487,Dominguez,3,0.0,5.0,0.0,18,a,100.0,0.1,0.0,0.0,0.0,0.0,0.0,0.0,0.0,0,0,0,4.0,1,2
488,I.Sangaré,3,2.0,5.0,2.0,18,a,100.0,1.0,3.4,17.8,13.0,3.0,0.03,0.01,0.04,90,10,2,4.0,1,2
489,Yates,3,0.0,4.5,0.0,18,i,0.0,1.5,0.0,0.0,0.0,0.0,0.0,0.0,0.0,0,0,0,4.0,1,2
490,Wood,4,1.0,6.0,1.0,18,a,100.0,1.7,0.4,0.0,2.4,3.0,0.12,0.01,0.13,28,3,1,4.0,1,2
491,Igor Jesus,4,2.0,6.0,2.0,18,a,100.0,4.0,4.3,5.2,6.8,31.0,0.22,0.02,0.24,90,8,2,4.0,1,2
493,Kalimuendo,4,1.0,5.5,1.0,18,a,100.0,0.1,0.0,0.0,0.0,0.0,0.0,0.0,0.0,1,3,1,4.0,1,2
558,Schlager,3,1.0,5.0,1.0,18,a,100.0,0.1,0.4,0.6,1.0,2.0,0.0,0.0,0.0,16,3,1,4.0,1,2
581,Diomande,2,0.0,5.5,0.0,18,a,100.0,0.8,0.0,0.0,0.0,0.0,0.0,0.0,0.0,0,0,0,4.0,1,2
590,Benda,1,0.0,4.5,0.0,18,a,100.0,0.1,0.0,0.0,0.0,0.0,0.0,0.0,0.0,0,0,0,4.0,1,2
112,Van Hecke,2,1.0,5.0,1.0,19,a,100.0,10.0,3.3,28.2,2.8,2.0,0.0,0.03,0.03,90,3,1,2.0,1,2
403,Savinho,3,0.0,6.5,0.0,19,a,100.0,0.3,0.0,0.0,0.0,0.0,0.0,0.0,0.0,0,0,0,2.0,1,2
455,Tonali,3,2.0,5.5,2.0,19,a,100.0,3.9,2.1,6.2,6.4,8.0,0.04,0.06,0.1,90,14,2,2.0,1,2
494,Vicario,1,0.0,4.5,0.0,19,u,0.0,0.3,0.0,0.0,0.0,0.0,0.0,0.0,0.0,0,0,0,2.0,1,2
495,Austin,1,0.0,4.0,0.0,19,a,100.0,0.9,0.0,0.0,0.0,0.0,0.0,0.0,0.0,0,0,0,2.0,1,2
496,Kinsky,1,2.0,4.5,2.0,19,a,100.0,23.1,4.4,43.6,0.0,0.0,0.0,0.0,0.0,90,15,2,2.0,1,2
497,Dubravka,1,0.0,4.0,0.0,19,a,100.0,18.9,0.0,0.0,0.0,0.0,0.0,0.0,0.0,0,0,0,2.0,1,2
498,Senesi,2,3.0,6.0,3.0,19,a,100.0,7.9,3.9,36.6,2.2,0.0,0.0,0.02,0.02,90,10,3,2.0,1,2
499,Pedro Porro,2,0.0,5.5,0.0,19,a,100.0,13.9,0.0,0.0,0.0,0.0,0.0,0.0,0.0,0,0,0,2.0,1,2
500,Romero,2,0.0,5.0,0.0,19,u,0.0,0.2,0.0,0.0,0.0,0.0,0.0,0.0,0.0,0,0,0,2.0,1,2
501,Danso,2,0.0,5.0,0.0,19,a,100.0,0.2,0.0,0.0,0.0,0.0,0.0,0.0,0.0,0,0,0,2.0,1,2
502,Robertson,2,3.0,4.5,3.0,19,a,100.0,3.9,5.3,31.8,19.2,2.0,0.0,0.06,0.06,90,13,3,2.0,1,2
503,Van de Ven,2,0.0,5.0,0.0,19,a,100.0,4.4,0.0,0.0,0.0,0.0,0.0,0.0,0.0,0,0,0,2.0,1,2
505,Spence,2,0.0,4.5,0.0,19,u,0.0,0.6,0.0,0.0,0.0,0.0,0.0,0.0,0.0,0,0,0,2.0,1,2
506,Udogie,2,1.0,4.5,1.0,19,a,100.0,0.5,0.0,0.0,0.7,0.0,0.0,0.02,0.02,4,3,1,2.0,1,2
507,Phillips,2,0.0,4.5,0.0,19,u,0.0,0.0,0.0,0.0,0.0,0.0,0.0,0.0,0.0,0,0,0,2.0,1,2
508,Davies,2,0.0,4.0,0.0,19,a,100.0,1.1,0.0,0.0,0.0,0.0,0.0,0.0,0.0,0,0,0,2.0,1,2
509,Byfield,2,0.0,4.0,0.0,19,a,100.0,0.1,0.0,0.0,0.0,0.0,0.0,0.0,0.0,0,0,0,2.0,1,2
510,Rowswell,2,0.0,4.0,0.0,19,a,100.0,0.1,0.0,0.0,0.0,0.0,0.0,0.0,0.0,0,0,0,2.0,1,2
511,Souza,2,0.0,4.0,0.0,19,a,100.0,0.3,0.0,0.0,0.0,0.0,0.0,0.0,0.0,0,0,0,2.0,1,2
512,Kudus,3,0.0,6.5,0.0,19,d,50.0,0.1,0.0,0.0,0.0,0.0,0.0,0.0,0.0,0,0,0,2.0,1,2
513,Xavi,3,0.0,6.0,0.0,19,i,0.0,0.0,0.0,0.0,0.0,0.0,0.0,0.0,0.0,0,0,0,2.0,1,2
514,Tel,3,2.0,6.0,2.0,19,a,100.0,0.5,4.5,10.4,26.0,9.0,0.06,0.06,0.12,90,17,2,2.0,1,2
515,Maddison,3,1.0,6.5,1.0,19,d,75.0,1.2,2.1,4.4,8.3,8.0,0.0,0.01,0.01,22,6,1,2.0,1,2
516,Bentancur,3,1.0,5.5,1.0,19,a,100.0,0.2,1.7,2.0,14.7,0.0,0.0,0.01,0.01,45,8,1,2.0,1,2
517,Odobert,3,0.0,5.5,0.0,19,i,0.0,0.0,0.0,0.0,0.0,0.0,0.0,0.0,0.0,0,0,0,2.0,1,2
518,P.M.Sarr,3,0.0,5.0,0.0,19,i,0.0,0.2,0.0,0.0,0.0,0.0,0.0,0.0,0.0,0,0,0,2.0,1,2
519,Gallagher,3,0.0,5.5,0.0,19,a,100.0,0.3,0.5,0.0,5.5,1.0,0.02,0.06,0.08,45,1,0,2.0,1,2
520,Bergvall,3,1.0,5.5,1.0,19,a,100.0,0.2,0.0,0.0,2.0,2.0,0.0,0.01,0.01,45,2,1,2.0,1,2
521,Kulusevski,3,0.0,6.5,0.0,19,i,0.0,0.0,0.0,0.0,0.0,0.0,0.0,0.0,0.0,0,0,0,2.0,1,2
522,Gray,3,2.0,5.0,2.0,19,a,100.0,0.2,1.0,6.2,3.3,0.0,0.0,0.01,0.01,85,15,2,2.0,1,2
523,Moore,3,2.0,5.0,2.0,19,a,100.0,0.2,7.5,14.2,5.9,55.0,0.38,0.02,0.4,67,10,2,2.0,1,2
524,Olusesi,3,0.0,4.5,0.0,19,a,100.0,0.8,0.0,0.0,0.0,0.0,0.0,0.0,0.0,0,0,0,2.0,1,2
525,Fernandes,3,1.0,6.0,1.0,19,a,100.0,1.7,3.6,7.2,27.2,2.0,0.0,0.06,0.06,45,16,1,2.0,1,2
526,Solanke,4,1.0,6.0,1.0,19,a,100.0,1.4,0.5,0.0,0.0,5.0,0.07,0.0,0.07,22,3,1,2.0,1,2
527,Richarlison,4,2.0,6.0,2.0,19,a,100.0,3.0,0.2,0.0,2.2,0.0,0.0,0.0,0.0,67,6,2,2.0,1,2
528,Scarlett,4,0.0,4.5,0.0,19,a,100.0,1.7,0.0,0.0,0.0,0.0,0.0,0.0,0.0,0,0,0,2.0,1,2
601,Williams-Barnett,3,0.0,4.5,0.0,19,a,100.0,0.1,0.0,0.0,0.0,0.0,0.0,0.0,0.0,0,0,0,2.0,1,2
529,Roefs,1,1.0,5.0,1.0,20,a,100.0,4.1,1.5,15.2,0.0,0.0,0.0,0.0,0.0,90,7,1,2.0,1,2
530,Patterson,1,0.0,4.0,0.0,20,u,0.0,0.2,0.0,0.0,0.0,0.0,0.0,0.0,0.0,0,0,0,2.0,1,2
531,Ellborg,1,0.0,4.5,0.0,20,a,100.0,0.1,0.0,0.0,0.0,0.0,0.0,0.0,0.0,0,0,0,2.0,1,2
532,Ballard,2,0.0,5.0,0.0,20,a,100.0,5.3,1.9,18.2,1.2,0.0,0.0,0.01,0.01,90,4,0,2.0,1,2
533,Mukiele,2,0.0,5.5,0.0,20,a,100.0,2.7,0.0,0.0,0.0,0.0,0.0,0.0,0.0,0,0,0,2.0,1,2
534,Hume,2,2.0,4.5,2.0,20,a,100.0,6.6,6.2,9.4,39.4,13.0,0.04,0.27,0.31,79,14,2,2.0,1,2
535,Alderete,2,1.0,5.0,1.0,20,a,100.0,0.5,0.0,0.0,0.6,0.0,0.0,0.01,0.01,23,2,1,2.0,1,2
536,Reinildo,2,1.0,4.5,1.0,20,a,100.0,0.5,5.5,23.0,27.5,4.0,0.0,0.29,0.29,90,9,1,2.0,1,2
537,Seelt,2,0.0,4.5,0.0,20,a,100.0,0.0,0.0,0.0,0.0,0.0,0.0,0.0,0.0,0,0,0,2.0,1,2
538,Hjelde,2,0.0,4.0,0.0,20,u,0.0,0.1,0.0,0.0,0.0,0.0,0.0,0.0,0.0,0,0,0,2.0,1,2
539,O'Nien,2,1.0,4.0,1.0,20,a,100.0,3.5,1.7,11.4,1.4,4.0,0.01,0.01,0.02,66,1,1,2.0,1,2
540,Masuaku,2,0.0,4.0,0.0,20,u,0.0,0.2,0.0,0.0,0.0,0.0,0.0,0.0,0.0,0,0,0,2.0,1,2
541,Meunier,2,1.0,4.5,1.0,20,a,100.0,0.3,3.0,13.8,5.3,11.0,0.08,0.08,0.16,90,5,1,2.0,1,2
542,E.Le Fée,3,2.0,6.0,2.0,20,a,100.0,9.2,1.5,4.6,9.9,0.0,0.0,0.03,0.03,79,13,2,2.0,1,2
543,Diarra,3,1.0,5.5,1.0,20,a,100.0,0.1,0.3,0.4,0.6,2.0,0.03,0.0,0.03,10,3,1,2.0,1,2
544,Xhaka,3,9.0,5.5,9.0,20,a,100.0,4.6,5.0,18.8,31.4,0.0,0.0,0.09,0.09,90,31,9,2.0,1,2
545,Sadiki,3,2.0,5.0,2.0,20,a,100.0,0.3,7.2,14.6,32.1,25.0,0.06,0.03,0.09,90,18,2,2.0,1,2
546,Adingra,3,0.0,5.0,0.0,20,i,0.0,0.1,0.0,0.0,0.0,0.0,0.0,0.0,0.0,0,0,0,2.0,1,2
547,Mundle,3,0.0,5.0,0.0,20,a,100.0,0.0,0.0,0.0,0.0,0.0,0.0,0.0,0.0,0,0,0,2.0,1,2
548,Rigg,3,1.0,5.0,1.0,20,a,100.0,0.1,0.0,0.0,0.3,0.0,0.0,0.0,0.0,10,3,1,2.0,1,2
549,Talbi,3,1.0,5.5,1.0,20,a,100.0,0.2,0.0,0.0,0.9,0.0,0.0,0.0,0.0,31,1,1,2.0,1,2
550,Jocelin.T,3,0.0,5.0,0.0,20,a,100.0,0.0,0.0,0.0,0.0,0.0,0.0,0.0,0.0,0,0,0,2.0,1,2
551,Angulo,3,5.0,5.0,5.0,20,a,100.0,0.1,5.2,32.8,3.3,16.0,0.15,0.01,0.16,58,23,5,2.0,1,2
552,Brobbey,4,2.0,6.0,2.0,20,a,100.0,13.3,1.1,0.0,1.5,9.0,0.3,0.0,0.3,66,1,2,2.0,1,2
553,Isidor,4,1.0,5.5,1.0,20,a,100.0,0.9,0.0,0.0,0.2,0.0,0.0,0.0,0.0,23,3,1,2.0,1,2
612,Methalie,2,0.0,4.5,0.0,20,a,100.0,0.0,0.0,0.0,0.0,0.0,0.0,0.0,0.0,0,0,0,2.0,1,2
